Loan_ID,Gender,Married,Dependents,Education,Self_Employed,ApplicantIncome,CoapplicantIncome,LoanAmount,Loan_Amount_Term,Credit_History,Property_Area,Loan_Status
LP001002,1,0,0,0,0,0.5705275803383723,0.0,0.24485596707818932,0.7435897435897436,1.0,2,1
LP001003,1,1,1,0,0,0.443788166983682,0.03619171046631627,0.24485596707818932,0.7435897435897436,1.0,0,0
LP001005,1,1,0,0,1,0.2853138452297527,0.0,0.11728395061728397,0.7435897435897436,1.0,2,1
LP001006,1,1,0,1,0,0.24356792471718894,0.05659154726762186,0.22839506172839508,0.7435897435897436,1.0,2,1
LP001008,1,0,0,0,0,0.5856442086294925,0.0,0.2716049382716049,0.7435897435897436,1.0,2,1
LP001011,1,1,2,0,1,0.5272800080088097,0.100703194374445,0.5308641975308642,0.7435897435897436,1.0,2,1
LP001013,1,1,0,1,0,0.21854039443387727,0.03638370893032856,0.1769547325102881,0.7435897435897436,1.0,2,1
LP001014,1,1,3,0,0,0.2889178095905496,0.060095519235846113,0.3065843621399177,0.7435897435897436,0.0,1,0
LP001018,1,1,2,0,0,0.38602462708979873,0.03662370701034392,0.3271604938271605,0.7435897435897436,1.0,2,1
LP001024,1,1,2,0,0,0.305335869456402,0.01679986560107519,0.12551440329218108,0.7435897435897436,1.0,2,1
LP001027,1,1,2,0,0,0.23525878466312947,0.04415964672282622,0.205761316872428,0.7435897435897436,1.0,2,1
LP001028,1,1,2,0,0,0.2926218840724797,0.19454244366045073,0.39300411522633744,0.7435897435897436,1.0,2,1
LP001029,1,0,0,0,0,0.17048753628991892,0.0681594547243622,0.2160493827160494,0.7435897435897436,1.0,0,0
LP001030,1,1,2,0,0,0.11502652918210031,0.026063791489668083,0.016460905349794237,0.2307692307692308,1.0,2,1
LP001032,1,0,0,0,0,0.4805285814395835,0.0,0.23868312757201646,0.7435897435897436,1.0,2,1
LP001034,1,0,1,1,0,0.34497947742516766,0.0,0.18724279835390947,0.4871794871794872,1.0,2,1
LP001036,0,0,0,0,0,0.33637000700770847,0.0,0.13786008230452676,0.7435897435897436,0.0,2,0
LP001038,1,1,0,1,0,0.474221643808189,0.0,0.2551440329218107,0.7435897435897436,1.0,0,0
LP001041,1,1,0,0,0,0.24526979677645408,0.08399932800537596,0.2181069958847737,0.7435897435897436,1.0,2,1
LP001043,1,1,0,1,0,0.7518270097106817,0.0,0.1954732510288066,0.7435897435897436,0.0,2,0
LP001046,1,1,1,0,0,0.5811392531784964,0.13499892000863994,0.6296296296296298,0.7435897435897436,1.0,2,1
LP001047,1,1,0,1,0,0.24526979677645408,0.045863633090935274,0.22016460905349797,0.7435897435897436,0.0,1,0
LP001050,1,1,2,1,0,0.3218540394433877,0.04600763193894449,0.21193415637860083,0.7435897435897436,0.0,0,0
LP001052,1,1,1,0,0,0.3570928020822905,0.07019943840449276,0.29218106995884774,0.7435897435897436,1.0,1,0
LP001066,1,1,0,0,1,0.9420362398638502,0.0,0.37448559670781895,0.7435897435897436,1.0,1,1
LP001068,1,1,0,0,0,0.26519171088197013,0.05407156742746058,0.23251028806584365,0.7435897435897436,1.0,1,1
LP001073,1,1,2,1,0,0.408048853739113,0.024959800321597427,0.2078189300411523,0.7435897435897436,1.0,2,1
LP001086,1,0,0,1,0,0.12934227650415459,0.0,0.05349794238683128,0.7435897435897436,1.0,2,0
LP001087,0,0,2,0,0,0.36039643607968763,0.049991600067199465,0.22839506172839508,0.7435897435897436,1.0,1,1
LP001091,1,1,1,0,0,0.4020422464711182,0.08085535315717474,0.39506172839506176,0.7435897435897436,1.0,2,0
LP001095,1,0,0,0,0,0.30203223545900487,0.0,0.1337448559670782,0.7435897435897436,1.0,2,0
LP001097,1,0,1,0,1,0.4547001701872059,0.0,0.19958847736625515,0.7435897435897436,1.0,0,0
LP001098,1,1,0,0,0,0.335368905796376,0.04000767993856049,0.2160493827160494,0.7435897435897436,1.0,1,1
LP001106,1,1,0,0,0,0.21273400740814896,0.04960760313917489,0.24485596707818932,0.7435897435897436,1.0,2,1
LP001109,1,1,0,0,0,0.16798478326158775,0.03191974464204286,0.18724279835390947,0.7435897435897436,0.0,2,0
LP001112,0,1,0,0,0,0.35208729602562816,0.03501571987424101,0.2777777777777778,0.7435897435897436,1.0,1,1
LP001114,1,0,0,0,0,0.4020422464711182,0.17303861569107448,0.360082304526749,0.7435897435897436,1.0,2,1
LP001116,1,0,0,1,0,0.3601962158374211,0.04003167974656203,0.2078189300411523,0.7435897435897436,1.0,1,1
LP001119,1,0,0,0,0,0.34537991790970063,0.0,0.1460905349794239,0.7435897435897436,1.0,2,0
LP001120,1,0,0,0,0,0.16518169986985684,0.029111767105863152,0.07818930041152264,0.7435897435897436,1.0,2,1
LP001123,1,1,0,0,0,0.2252477725498048,0.0,0.1358024691358025,0.7435897435897436,1.0,2,1
LP001131,1,1,0,0,0,0.3795174692161377,0.056063551491588065,0.257201646090535,0.7435897435897436,1.0,1,1
LP001136,1,1,0,1,1,0.45500050055060565,0.0,0.17901234567901236,0.7435897435897436,1.0,2,1
LP001137,0,0,0,0,0,0.3263589948943838,0.0,0.16255144032921812,0.7435897435897436,1.0,2,1
LP001138,1,1,1,0,0,0.5505055561117229,0.0,0.0720164609053498,0.7435897435897436,1.0,2,1
LP001144,1,1,0,0,0,0.5677244969466413,0.0,0.2777777777777778,0.7435897435897436,1.0,2,1
LP001146,0,1,0,0,0,0.2497747522274502,0.0825593395252838,0.22839506172839508,0.7435897435897436,0.0,2,0
LP001151,0,0,0,0,0,0.38542396636299925,0.05459956320349437,0.2777777777777778,0.7435897435897436,1.0,1,1
LP001155,0,1,0,1,0,0.17799579537491242,0.039455684354525164,0.18724279835390947,0.7435897435897436,1.0,1,1
LP001157,0,0,0,0,0,0.2939233156472119,0.0,0.22839506172839508,0.7435897435897436,1.0,1,1
LP001164,0,0,0,0,0,0.408449294223646,0.0,0.21193415637860083,0.7435897435897436,1.0,1,0
LP001179,1,1,2,0,0,0.44709180098107915,0.0,0.257201646090535,0.7435897435897436,1.0,2,0
LP001194,1,1,2,0,0,0.2560816898588447,0.0280077759377925,0.18106995884773663,0.7435897435897436,1.0,1,1
LP001195,1,1,0,0,0,0.1984182600860947,0.038183694530443756,0.17901234567901236,0.7435897435897436,1.0,1,1
LP001197,1,1,0,0,0,0.32195414956452095,0.05279957760337917,0.25925925925925924,0.7435897435897436,1.0,0,0
LP001198,1,1,1,0,0,0.7938732605866453,0.05399956800345597,0.35185185185185186,0.7435897435897436,1.0,2,1
LP001199,1,1,2,1,0,0.32105315847432175,0.06861545107639139,0.2777777777777778,0.7435897435897436,1.0,2,1
LP001205,1,1,0,0,0,0.23525878466312947,0.09110327117383062,0.22839506172839508,0.7435897435897436,1.0,2,1
LP001206,1,1,3,0,0,0.28821703874261684,0.0,0.1851851851851852,0.7435897435897436,1.0,2,1
LP001207,1,1,0,1,1,0.24617078786665333,0.08277533779729762,0.32098765432098764,0.358974358974359,0.0,0,0
LP001213,1,1,1,0,0,0.48002803083391726,0.0,0.24485596707818932,0.7435897435897436,0.0,0,0
LP001222,0,0,0,0,0,0.4020422464711182,0.0,0.22016460905349797,0.7435897435897436,0.0,1,0
LP001225,1,1,0,0,0,0.558214035438983,0.11027911776705786,0.5123456790123457,0.7435897435897436,1.0,1,0
LP001228,1,0,0,1,0,0.305335869456402,0.05409556723546212,0.24074074074074078,0.358974358974359,0.0,2,0
LP001238,1,1,3,1,1,0.6957653418760636,0.0,0.23868312757201646,0.10256410256410257,1.0,2,1
LP001241,0,0,0,0,0,0.41545700270297325,0.0,0.2613168724279835,0.7435897435897436,0.0,1,0
LP001243,1,1,0,0,0,0.306136750425468,0.07358341133270933,0.33539094650205764,0.7435897435897436,1.0,2,1
LP001245,1,1,2,1,1,0.17268995895485034,0.044999640002879975,0.18106995884773663,0.7435897435897436,1.0,1,1
LP001248,1,0,0,0,0,0.335368905796376,0.0,0.14814814814814817,0.6153846153846154,1.0,1,1
LP001250,1,1,3,1,0,0.46100710781860044,0.0,0.1769547325102881,0.7435897435897436,0.0,1,0
LP001253,1,1,3,0,1,0.5121633797176894,0.042575659394724845,0.3662551440329218,0.7435897435897436,1.0,1,1
LP001255,1,0,0,0,0,0.36039643607968763,0.0,0.21399176954732513,1.0000000000000002,1.0,2,0
LP001256,1,0,0,0,0,0.36039643607968763,0.11399908800729594,0.3436213991769547,0.7435897435897436,1.0,2,0
LP001259,1,1,1,0,1,0.08509360296325957,0.07252741978064176,0.2078189300411523,0.7435897435897436,1.0,2,0
LP001263,1,1,3,0,0,0.30203223545900487,0.09599923200614395,0.35185185185185186,0.6153846153846154,0.0,1,0
LP001264,1,1,3,1,1,0.3186505155671238,0.05198358413132695,0.24897119341563786,0.7435897435897436,1.0,1,1
LP001265,0,0,0,0,0,0.37000700770847933,0.0,0.20987654320987656,0.7435897435897436,1.0,1,1
LP001266,1,1,1,0,1,0.22474722194413857,0.0,0.24485596707818932,0.7435897435897436,1.0,1,1
LP001267,0,1,2,0,0,0.12293522875162678,0.04514363885088919,0.32510288065843623,0.7435897435897436,1.0,2,0
LP001273,1,1,0,0,0,0.5856442086294925,0.05399956800345597,0.5267489711934157,0.7435897435897436,1.0,1,0
LP001275,1,1,1,0,0,0.38422264490940033,0.0,0.08436213991769548,0.4871794871794872,1.0,2,1
LP001279,1,0,0,0,0,0.2218440284312744,0.06074351405188758,0.2613168724279835,0.7435897435897436,1.0,1,1
LP001280,1,1,2,1,0,0.3186505155671238,0.047999616003071975,0.1851851851851852,0.7435897435897436,1.0,1,1
LP001282,1,1,0,0,0,0.23525878466312947,0.05083159334725322,0.1954732510288066,0.7435897435897436,1.0,1,1
LP001289,1,0,0,0,0,0.8425267794574032,0.0,0.41358024691358025,0.7435897435897436,1.0,2,1
LP001310,1,1,0,0,0,0.5551106216838523,0.10000719994240047,0.34156378600823045,0.7435897435897436,1.0,1,1
LP001316,1,1,0,0,0,0.28110922014215634,0.06959944320445437,0.25102880658436216,0.7435897435897436,1.0,1,1
LP001318,1,1,2,0,0,0.6106717389128041,0.1356949144406845,0.3683127572016461,0.358974358974359,1.0,1,0
LP001319,1,1,2,1,0,0.312643908299129,0.0436796505627955,0.14814814814814817,0.7435897435897436,1.0,2,1
LP001322,1,0,0,0,0,0.39873861247372105,0.0,0.23251028806584365,0.7435897435897436,1.0,1,0
LP001325,1,0,0,1,0,0.3473821203323656,0.0,0.03292181069958848,0.2307692307692308,1.0,1,1
LP001326,1,0,0,0,0,0.6639303233556912,0.0,0.24485596707818932,0.7435897435897436,1.0,2,0
LP001327,0,1,0,0,0,0.2336570227249975,0.05524755801953585,0.26337448559670784,0.7435897435897436,1.0,1,1
LP001333,1,1,0,0,0,0.1829011913104415,0.02392780857753138,0.08436213991769548,0.7435897435897436,1.0,1,1
LP001334,1,1,0,1,0,0.4042446691360496,0.0,0.2181069958847737,0.358974358974359,1.0,1,0
LP001343,1,1,0,0,0,0.16107718490339373,0.08498332013343893,0.25102880658436216,0.7435897435897436,1.0,1,1
LP001345,1,1,2,1,0,0.4142556812493743,0.07831137350901193,0.2551440329218107,0.358974358974359,1.0,2,1
LP001349,1,0,0,0,0,0.46981679847832614,0.09134326925384598,0.29218106995884774,0.7435897435897436,1.0,1,0
LP001356,1,1,0,0,0,0.45069576534187605,0.08599131206950344,0.24485596707818932,0.7435897435897436,1.0,1,1
LP001357,1,1,0,0,0,0.3670037040744819,0.018095855233158136,0.3106995884773663,0.7435897435897436,1.0,2,0
LP001367,1,1,1,0,0,0.2905195715286815,0.024719802241582066,0.18724279835390947,0.7435897435897436,1.0,2,1
LP001370,1,0,0,1,0,0.7190910001001102,0.0,0.22839506172839508,0.7435897435897436,1.0,0,0
LP001379,1,1,2,0,0,0.36540194213634997,0.08639930880552955,0.42592592592592593,0.7435897435897436,0.0,2,0
LP001384,1,1,3,1,0,0.19231154269696668,0.018095855233158136,0.1748971193415638,1.0000000000000002,1.0,1,1
LP001385,1,0,0,0,0,0.5171688857743518,0.0,0.2613168724279835,0.7435897435897436,1.0,2,1
LP001387,0,1,0,0,0,0.2782060266292922,0.05599155206758346,0.2674897119341564,0.7435897435897436,1.0,1,1
LP001391,1,1,0,1,0,0.3425768345179697,0.09873521011831905,0.294238683127572,0.7435897435897436,0.0,0,0
LP001392,0,0,1,0,1,0.7309039943938332,0.0,0.24485596707818932,0.7435897435897436,1.0,1,1
LP001398,1,0,0,0,0,0.49053959355290816,0.0,0.22427983539094654,0.7435897435897436,1.0,1,1
LP001404,0,1,0,0,0,0.30203223545900487,0.054791561667506664,0.29835390946502055,0.7435897435897436,1.0,1,1
LP001405,1,1,1,0,0,0.20662729001902094,0.03355173158614731,0.15637860082304528,0.7435897435897436,1.0,2,1
LP001421,1,1,0,0,0,0.54239663629993,0.051407588739290085,0.34156378600823045,0.7435897435897436,1.0,0,0
LP001426,1,1,0,0,0,0.5523075382921213,0.06400748794009647,0.35185185185185186,0.7435897435897436,1.0,0,1
LP001430,0,0,0,0,0,0.4020422464711182,0.0,0.0720164609053498,0.7435897435897436,1.0,1,1
LP001431,0,0,0,0,0,0.19891881069176096,0.21551827585379318,0.26337448559670784,0.7435897435897436,0.0,1,1
LP001432,1,1,2,0,0,0.2810091100210231,0.0,0.14814814814814817,0.7435897435897436,1.0,1,1
LP001439,1,1,0,1,0,0.41545700270297325,0.04833561331509348,0.38065843621399176,0.7435897435897436,1.0,0,0
LP001443,0,0,0,0,0,0.35459004905395936,0.0,0.17283950617283952,0.7435897435897436,1.0,0,1
LP001449,1,0,0,0,0,0.371909100010011,0.03935968512251902,0.24485596707818932,0.7435897435897436,1.0,0,1
LP001465,1,1,0,0,0,0.5936530183201522,0.06165550675594595,0.3559670781893004,0.7435897435897436,1.0,0,0
LP001473,1,0,0,0,0,0.1866052657923716,0.04629562963496292,0.1337448559670782,0.7435897435897436,1.0,2,1
LP001478,1,0,0,0,0,0.2570827910701772,0.0,0.12551440329218108,0.7435897435897436,1.0,1,1
LP001482,1,1,0,0,1,0.3312643908299129,0.0,0.03292181069958848,0.2307692307692308,1.0,1,1
LP001487,1,0,0,0,0,0.47502252477725493,0.0,0.19135802469135804,0.7435897435897436,1.0,1,1
LP001488,1,1,3,0,0,0.38542396636299925,0.1859985120119039,0.5781893004115227,0.7435897435897436,1.0,1,0
LP001489,0,1,0,0,0,0.443788166983682,0.0,0.154320987654321,0.7435897435897436,1.0,0,0
LP001491,1,1,2,0,1,0.3169486435078586,0.08399932800537596,0.16255144032921812,0.7435897435897436,1.0,2,1
LP001493,1,1,2,1,0,0.4054459905896486,0.03431972544219646,0.2469135802469136,0.7435897435897436,1.0,0,0
LP001497,1,1,2,0,0,0.4897387125838422,0.049991600067199465,0.36213991769547327,0.7435897435897436,1.0,0,0
LP001498,1,0,0,0,0,0.5272800080088097,0.0,0.3271604938271605,0.7435897435897436,1.0,2,1
LP001504,1,0,0,0,1,0.6807488237060767,0.0,0.34156378600823045,0.358974358974359,1.0,1,1
LP001507,1,1,0,0,0,0.25508058864751226,0.0488156094751242,0.23251028806584365,0.7435897435897436,1.0,1,1
LP001514,0,1,0,0,0,0.21824006407047752,0.10766313869489044,0.18724279835390947,0.7435897435897436,1.0,1,1
LP001518,1,1,1,0,0,0.13895284813294626,0.03419972640218878,0.043209876543209874,0.7435897435897436,1.0,2,1
LP001519,0,0,0,0,0,0.9860846931624788,0.03998368013055895,0.4444444444444445,0.7435897435897436,1.0,0,0
LP001520,1,1,0,0,0,0.47151867053759133,0.01991984064127487,0.23868312757201646,0.7435897435897436,1.0,1,1
LP001528,1,0,0,0,0,0.6133747121834018,0.0,0.22427983539094654,0.7435897435897436,0.0,0,0
LP001529,1,1,0,0,1,0.24296726399038945,0.08999928000575995,0.294238683127572,0.7435897435897436,1.0,0,1
LP001531,1,0,0,0,0,0.9025928521373511,0.0,0.4835390946502058,0.7435897435897436,1.0,2,0
LP001532,1,1,2,1,0,0.21333466813494845,0.0,0.21399176954732513,0.7435897435897436,1.0,0,0
LP001535,1,0,0,0,0,0.3107418159975973,0.0,0.08436213991769548,0.7435897435897436,1.0,2,1
LP001541,1,1,1,0,0,0.5856442086294925,0.0,0.3106995884773663,0.7435897435897436,1.0,0,1
LP001543,1,1,1,0,0,0.9398338171989188,0.0,0.3662551440329218,0.7435897435897436,1.0,2,1
LP001546,1,0,0,0,0,0.28331164280708776,0.049991600067199465,0.22839506172839508,0.7435897435897436,1.0,0,1
LP001552,1,1,0,0,0,0.443788166983682,0.13499892000863994,0.5061728395061729,0.7435897435897436,1.0,1,1
LP001560,1,1,0,1,0,0.17148863750125137,0.024983800129598964,0.18312757201646093,0.7435897435897436,1.0,1,1
LP001562,1,1,0,0,0,0.7791570727800581,0.0,0.5473251028806585,0.7435897435897436,1.0,2,0
LP001565,1,1,1,0,0,0.29422364601061163,0.030719754241966064,0.23045267489711938,0.7435897435897436,0.0,1,0
LP001570,1,1,2,0,0,0.40214235659225145,0.03472772217822257,0.3065843621399177,0.7435897435897436,1.0,0,1
LP001572,1,1,0,0,0,0.9183101411552709,0.0,0.1358024691358025,0.358974358974359,1.0,2,1
LP001574,1,1,0,0,0,0.35609170087095804,0.07598339213286294,0.3559670781893004,0.7435897435897436,1.0,0,1
LP001577,0,1,0,0,0,0.443788166983682,0.0,0.21193415637860083,0.7435897435897436,1.0,0,0
LP001578,1,1,0,0,0,0.22915206727400142,0.07999136006911944,0.2469135802469136,0.7435897435897436,1.0,0,1
LP001579,1,0,0,0,0,0.2089298228050856,0.0,0.11111111111111113,1.0000000000000002,0.0,1,0
LP001580,1,1,2,0,0,0.7858644508959856,0.0,0.39300411522633744,0.7435897435897436,1.0,1,1
LP001581,1,1,0,1,0,0.16718390229252178,0.042455660354717165,0.1769547325102881,0.7435897435897436,1.0,0,1
LP001586,1,1,3,1,0,0.33757132846130744,0.0,0.14814814814814817,0.358974358974359,1.0,0,0
LP001594,1,1,0,0,0,0.5564120532585844,0.13499892000863994,0.3662551440329218,0.7435897435897436,1.0,1,1
LP001603,1,1,0,1,1,0.4198618480328361,0.017663858689130486,0.16049382716049385,0.7435897435897436,1.0,1,0
LP001606,1,1,0,0,0,0.33506857543297625,0.04713562291501668,0.22016460905349797,0.7435897435897436,1.0,0,1
LP001608,1,1,2,0,0,0.18970867954750226,0.03885568915448676,0.18930041152263377,0.7435897435897436,1.0,0,1
LP001610,1,1,3,0,0,0.5371909100010012,0.2711978304173567,1.0,0.7435897435897436,0.0,1,0
LP001616,1,1,1,0,0,0.36039643607968763,0.0,0.22016460905349797,0.7435897435897436,1.0,1,1
LP001630,1,0,0,1,0,0.21854039443387727,0.03482372141022872,0.19135802469135804,1.0000000000000002,0.0,2,0
LP001633,1,1,1,0,0,0.6256882570827911,0.17399860801113592,0.35185185185185186,0.7435897435897436,0.0,2,0
LP001634,1,0,0,0,0,0.17679447392131345,0.1215110279117767,0.11934156378600824,0.7435897435897436,1.0,0,0
LP001636,1,1,0,0,0,0.4454900390429472,0.0,0.13168724279835392,0.358974358974359,1.0,1,1
LP001639,0,1,0,0,0,0.3478826709380318,0.0,0.20370370370370372,0.7435897435897436,1.0,1,1
LP001641,1,1,1,0,1,0.20302332565822406,0.0,0.11728395061728397,0.6153846153846154,0.0,0,0
LP001643,1,1,0,0,0,0.2235459004905396,0.05131158950728394,0.10082304526748972,0.7435897435897436,1.0,0,1
LP001644,1,1,0,0,1,0.0524577034738212,0.12710298317613458,0.3271604938271605,0.7435897435897436,1.0,0,1
LP001647,1,1,0,0,0,0.9188106917609371,0.0,0.3683127572016461,0.358974358974359,1.0,0,1
LP001653,1,0,0,1,0,0.4740214235659225,0.0,0.08024691358024692,0.7435897435897436,1.0,0,1
LP001657,1,1,0,1,0,0.5889478426268896,0.0,0.3106995884773663,0.7435897435897436,1.0,2,0
LP001658,1,0,0,0,0,0.37120832916207824,0.0,0.13786008230452676,0.7435897435897436,1.0,1,1
LP001664,1,0,0,0,0,0.4045449994994494,0.0,0.22839506172839508,0.7435897435897436,1.0,0,1
LP001665,1,1,1,0,0,0.29782761037140854,0.061991504067967454,0.33127572016460904,0.7435897435897436,1.0,1,0
LP001666,1,0,0,0,0,0.8192011212333568,0.08999928000575995,0.3662551440329218,0.7435897435897436,1.0,0,1
LP001669,0,0,0,1,0,0.17589348283111422,0.05675954592363261,0.22839506172839508,0.7435897435897436,1.0,2,1
LP001671,0,1,0,0,0,0.3269596556211833,0.06758345933232535,0.21399176954732513,0.7435897435897436,1.0,1,1
LP001674,1,1,1,1,0,0.24526979677645408,0.05999952000383997,0.16666666666666669,0.7435897435897436,1.0,1,1
LP001677,1,0,2,0,0,0.47782560816898584,0.0,0.32304526748971196,0.7435897435897436,0.0,1,1
LP001682,1,1,3,1,0,0.3846230853939333,0.0,0.24485596707818932,0.358974358974359,1.0,2,0
LP001688,1,1,1,1,0,0.335368905796376,0.025991792065663474,0.25925925925925924,0.7435897435897436,1.0,2,1
LP001691,1,1,2,1,0,0.37711482630893983,0.0,0.2366255144032922,0.7435897435897436,1.0,1,1
LP001692,0,0,0,1,0,0.42626889578536387,0.0,0.22839506172839508,0.7435897435897436,1.0,1,1
LP001693,0,0,0,0,0,0.30974071478626486,0.0,0.1460905349794239,0.7435897435897436,1.0,2,1
LP001698,1,0,0,1,0,0.3829212133346681,0.06074351405188758,0.09465020576131689,0.7435897435897436,1.0,0,1
LP001699,1,0,0,0,0,0.23315647211933127,0.0,0.10288065843621401,0.7435897435897436,1.0,2,1
LP001702,1,0,0,0,0,0.32715987586344975,0.0,0.24279835390946505,0.7435897435897436,1.0,1,0
LP001708,0,0,0,0,0,0.9860846931624788,0.0,0.4218106995884774,0.7435897435897436,1.0,1,0
LP001711,1,1,3,0,0,0.3283611973170487,0.029999760001919985,0.24485596707818932,0.7435897435897436,0.0,1,0
LP001713,1,1,1,0,1,0.764540995094604,0.0,0.47530864197530864,0.7435897435897436,1.0,2,1
LP001715,1,1,3,1,1,0.5559115026529182,0.0,0.24897119341563786,0.7435897435897436,1.0,0,1
LP001716,1,1,0,0,0,0.30263289618580436,0.07250341997264022,0.26337448559670784,0.7435897435897436,1.0,2,1
LP001720,1,1,3,1,0,0.3704074481930123,0.023591811265509875,0.18724279835390947,0.7435897435897436,1.0,1,1
LP001722,1,1,0,0,0,0.0,0.04319965440276478,0.25925925925925924,0.7435897435897436,1.0,0,0
LP001726,1,1,0,0,0,0.35809390329362295,0.042599659202726375,0.25102880658436216,0.7435897435897436,1.0,1,1
LP001732,1,1,2,0,0,0.4855340874962459,0.0,0.12962962962962965,0.7435897435897436,0.0,1,0
LP001734,0,1,2,0,0,0.41375513064370806,0.057191542467660256,0.24279835390946505,0.7435897435897436,1.0,1,1
LP001736,1,1,0,0,0,0.20732806086695366,0.0,0.10493827160493828,0.7435897435897436,0.0,2,0
LP001743,1,1,2,0,0,0.3863249574531985,0.041207670338637294,0.22016460905349797,0.7435897435897436,1.0,1,1
LP001744,1,0,0,0,0,0.28241065171688856,0.06698346413228694,0.2777777777777778,0.7435897435897436,1.0,1,1
LP001749,1,1,0,0,0,0.7436179797777556,0.024239806081551348,0.34156378600823045,0.7435897435897436,1.0,1,1
LP001750,1,1,0,0,0,0.6106717389128041,0.0,0.24485596707818932,0.7435897435897436,1.0,1,1
LP001751,1,1,0,0,0,0.31034137551306434,0.0,0.33127572016460904,0.7435897435897436,1.0,0,0
LP001754,1,1,0,1,1,0.4590049053959355,0.0,0.2654320987654321,0.7435897435897436,1.0,2,0
LP001758,1,1,2,0,0,0.6106717389128041,0.0406796745626035,0.41358024691358025,0.7435897435897436,1.0,1,1
LP001760,1,1,0,0,0,0.46130743818200015,0.0,0.3065843621399177,1.0000000000000002,1.0,1,1
LP001761,1,0,0,0,1,0.6256882570827911,0.0,0.39300411522633744,0.7435897435897436,1.0,0,1
LP001765,1,1,1,0,0,0.23435779357293024,0.04929560563515492,0.1954732510288066,0.7435897435897436,1.0,1,1
LP001768,1,1,0,0,0,0.35699269196115724,0.0,0.06790123456790124,0.358974358974359,1.0,0,1
LP001770,1,0,0,1,0,0.3042346581239363,0.062351501187990495,0.22839506172839508,0.7435897435897436,1.0,0,1
LP001776,0,0,0,0,0,0.8192011212333568,0.0,0.5576131687242799,0.7435897435897436,1.0,1,1
LP001778,1,1,1,0,0,0.3008309140054059,0.042695658434732525,0.26954732510288065,0.7435897435897436,1.0,1,1
LP001784,1,1,1,0,0,0.5355891480628692,0.030239758081935346,0.33127572016460904,0.7435897435897436,1.0,0,1
LP001786,1,1,0,0,0,0.5602162378616479,0.0,0.5061728395061729,0.7435897435897436,1.0,2,0
LP001788,0,0,0,0,1,0.33166483131444585,0.0,0.23251028806584365,0.7435897435897436,1.0,2,1
LP001790,0,0,1,0,0,0.36660326358994894,0.0,0.21193415637860083,0.7435897435897436,1.0,0,1
LP001792,1,1,1,0,0,0.31684853338672536,0.0,0.17901234567901236,0.7435897435897436,1.0,1,1
LP001798,1,1,2,0,0,0.5675242767043749,0.11999904000767994,0.22839506172839508,0.7435897435897436,1.0,0,1
LP001800,1,1,1,1,0,0.23625988587446192,0.047591619267045866,0.26954732510288065,0.358974358974359,1.0,2,0
LP001806,1,0,0,0,0,0.2818099909900891,0.13682290541675668,0.3004115226337449,0.10256410256410257,1.0,2,1
LP001807,1,1,2,0,1,0.6106717389128041,0.031199750401996785,0.20370370370370372,0.7435897435897436,1.0,0,1
LP001811,1,1,0,1,0,0.32595855440985083,0.10600715194278446,0.23456790123456792,0.7435897435897436,1.0,1,1
LP001813,1,0,0,0,1,0.5906497146861548,0.10399116807065543,0.22839506172839508,0.358974358974359,1.0,2,0
LP001814,1,1,2,0,0,0.9563519871859045,0.0,0.21193415637860083,0.7435897435897436,1.0,2,1
LP001819,1,1,1,1,0,0.6465111622785064,0.0,0.26337448559670784,0.358974358974359,1.0,2,1
LP001824,1,1,1,0,0,0.2735008509360296,0.044231646146830825,0.23456790123456792,1.0000000000000002,1.0,1,1
LP001825,1,1,0,0,0,0.16608269096005607,0.044831641346869226,0.16666666666666669,0.7435897435897436,1.0,2,1
LP001835,1,1,0,1,0,0.1519671638802683,0.093359253125975,0.39506172839506176,0.7435897435897436,0.0,1,0
LP001836,0,0,2,0,0,0.328060866953649,0.0,0.2654320987654321,0.7435897435897436,1.0,2,0
LP001841,1,0,0,1,1,0.24356792471718894,0.052007583939328486,0.1954732510288066,0.7435897435897436,1.0,0,1
LP001843,1,1,1,1,0,0.2513765141655821,0.17042263661890705,0.5555555555555556,0.358974358974359,1.0,1,1
LP001846,0,0,3,0,0,0.29362298528381214,0.0,0.5061728395061729,0.7435897435897436,1.0,0,1
LP001849,1,0,0,1,0,0.5901491640804886,0.0,0.2181069958847737,0.7435897435897436,0.0,0,0
LP001854,1,1,3,0,0,0.5105616177795576,0.0,0.1748971193415638,0.7435897435897436,1.0,2,0
LP001864,1,1,3,1,0,0.47862648913805184,0.0,0.24485596707818932,0.7435897435897436,1.0,1,0
LP001865,1,1,1,0,0,0.593953348683552,0.10199918400652795,0.6604938271604939,0.7435897435897436,1.0,2,1
LP001868,1,0,0,0,0,0.19121033136450097,0.053015575875392996,0.257201646090535,0.7435897435897436,1.0,1,1
LP001870,0,0,1,0,0,0.3334668134948443,0.0,0.3004115226337449,0.05128205128205128,1.0,1,0
LP001871,0,0,0,0,0,0.7057763539893883,0.0,0.22839506172839508,0.7435897435897436,1.0,0,1
LP001872,1,0,0,0,1,0.5021523676043649,0.0,0.24485596707818932,0.7435897435897436,1.0,1,1
LP001875,1,0,0,0,0,0.3949344278706577,0.08272733818129455,0.29218106995884774,0.7435897435897436,1.0,0,1
LP001877,1,1,2,0,0,0.4563019321253379,0.033287733698130414,0.29012345679012347,0.7435897435897436,1.0,1,1
LP001882,1,1,3,0,0,0.4187606367003704,0.043463652290781675,0.3106995884773663,0.7435897435897436,0.0,2,1
LP001883,0,0,0,0,0,0.32715987586344975,0.0,0.25925925925925924,0.7435897435897436,1.0,0,0
LP001884,0,0,1,0,0,0.2729001902092301,0.03743970048239614,0.16666666666666669,0.7435897435897436,1.0,2,1
LP001888,0,0,0,0,0,0.3090399439383321,0.0,0.043209876543209874,0.7435897435897436,1.0,2,1
LP001892,1,0,0,0,0,0.2685954550005005,0.04456764345885233,0.24074074074074078,0.7435897435897436,1.0,0,1
LP001894,1,1,0,0,0,0.24727199919911905,0.0533515731874145,0.29012345679012347,0.7435897435897436,1.0,1,1
LP001896,1,1,2,0,0,0.37541295424967464,0.0,0.16666666666666669,0.7435897435897436,1.0,1,1
LP001900,1,1,1,0,0,0.26028631494644106,0.04420764633882929,0.2181069958847737,0.7435897435897436,1.0,1,1
LP001903,1,1,0,0,0,0.38472319551506656,0.07857537139702882,0.40740740740740744,0.7435897435897436,1.0,1,1
LP001904,1,1,0,0,0,0.2956251877064771,0.031199750401996785,0.1460905349794239,0.7435897435897436,1.0,2,1
LP001908,0,1,0,1,0,0.3954349784763239,0.0,0.2366255144032922,0.7435897435897436,1.0,0,1
LP001910,1,0,1,1,1,0.39072980278306135,0.058223534211726304,0.3065843621399177,0.7435897435897436,0.0,2,0
LP001914,1,1,0,0,0,0.3781159275202723,0.01919984640122879,0.21193415637860083,0.7435897435897436,1.0,1,1
LP001915,1,1,2,0,0,0.21533687055761339,0.02365901043511652,0.14197530864197533,0.358974358974359,1.0,2,1
LP001917,0,0,0,0,0,0.16628291120232255,0.03998368013055895,0.0925925925925926,0.7435897435897436,1.0,2,1
LP001924,1,0,0,0,0,0.3011312443688057,0.07327141382868937,0.16460905349794241,0.7435897435897436,1.0,0,1
LP001925,0,0,0,0,1,0.24526979677645408,0.041207670338637294,0.1851851851851852,0.6153846153846154,1.0,1,0
LP001926,1,1,0,0,0,0.35579137050755827,0.047999616003071975,0.22839506172839508,0.7435897435897436,1.0,0,1
LP001931,0,0,0,0,0,0.39783762138352186,0.0,0.2181069958847737,0.7435897435897436,1.0,1,1
LP001935,1,0,0,0,0,0.9368305135649214,0.0,0.3662551440329218,0.7435897435897436,1.0,0,1
LP001936,1,1,0,0,0,0.2928221043147462,0.05798353613171095,0.2674897119341564,0.7435897435897436,1.0,0,1
LP001938,1,1,2,0,0,0.4254680148162979,0.0,0.24279835390946505,0.7435897435897436,0.0,1,0
LP001940,1,1,2,0,0,0.30063069376313944,0.03743970048239614,0.257201646090535,0.7435897435897436,1.0,2,1
LP001945,0,0,0,0,0,0.5272800080088097,0.0,0.2757201646090535,1.0000000000000002,0.0,2,0
LP001947,1,1,0,0,0,0.2235459004905396,0.08001535987712098,0.33539094650205764,0.7435897435897436,1.0,1,1
LP001949,1,1,3,0,0,0.42706977675442986,0.029999760001919985,0.2078189300411523,0.7435897435897436,1.0,2,1
LP001953,1,1,1,0,0,0.6732405646210832,0.0,0.39300411522633744,0.7435897435897436,1.0,1,1
LP001954,0,1,1,0,0,0.4520973070377415,0.0,0.25925925925925924,0.7435897435897436,1.0,2,1
LP001955,0,0,0,0,0,0.4855340874962459,0.060983512131902944,0.29218106995884774,1.0000000000000002,1.0,0,0
LP001963,1,1,1,0,0,0.1866052657923716,0.07019943840449276,0.21399176954732513,0.7435897435897436,1.0,2,0
LP001964,1,1,0,1,0,0.16518169986985684,0.07041543667650658,0.17283950617283952,0.7435897435897436,0.0,2,0
LP001972,1,1,0,1,0,0.27280008008809686,0.04199966400268798,0.19753086419753088,0.7435897435897436,1.0,1,1
LP001974,0,0,0,0,0,0.4855340874962459,0.0,0.25308641975308643,0.7435897435897436,1.0,0,1
LP001977,1,1,1,0,0,0.1476624286715387,0.04327165382676939,0.17901234567901236,0.7435897435897436,1.0,2,1
LP001978,1,0,0,0,0,0.38542396636299925,0.05999952000383997,0.26954732510288065,0.7435897435897436,1.0,0,1
LP001990,1,0,0,1,0,0.18520372409650615,0.0,0.24485596707818932,0.7435897435897436,1.0,2,0
LP001993,0,0,0,0,0,0.3615977575332866,0.03998368013055895,0.25925925925925924,0.7435897435897436,1.0,0,1
LP001994,0,0,0,0,0,0.2252477725498048,0.044711642306861546,0.1954732510288066,0.7435897435897436,0.0,2,0
LP001998,1,1,2,1,0,0.7525277805586145,0.0,0.36213991769547327,0.7435897435897436,1.0,0,1
LP002002,0,0,0,0,0,0.27700470517569326,0.0,0.154320987654321,0.7435897435897436,1.0,1,1
LP002004,1,0,0,1,0,0.2780058063870257,0.05771953824369405,0.20987654320987656,0.7435897435897436,1.0,1,1
LP002006,0,0,0,0,0,0.23595955551106215,0.0,0.09670781893004116,0.7435897435897436,1.0,0,1
LP002008,1,1,2,0,1,0.5602162378616479,0.0,0.2777777777777778,0.15384615384615388,1.0,0,1
LP002024,1,1,0,0,0,0.23255581139253179,0.044231646146830825,0.30864197530864196,0.7435897435897436,1.0,0,0
LP002031,1,1,1,1,0,0.3252577835619181,0.03935968512251902,0.20987654320987656,0.358974358974359,1.0,2,1
LP002035,1,1,2,0,0,0.3570928020822905,0.0,0.22839506172839508,0.7435897435897436,1.0,1,1
LP002036,1,1,0,0,0,0.19101011112223445,0.0512155902752778,0.16255144032921812,0.7435897435897436,1.0,2,1
LP002043,0,0,1,0,0,0.3394734207628391,0.0,0.21193415637860083,0.7435897435897436,1.0,1,1
LP002050,1,1,1,0,1,0.9860846931624788,0.0,0.3004115226337449,0.7435897435897436,1.0,0,0
LP002051,1,1,0,0,0,0.2252477725498048,0.052007583939328486,0.2181069958847737,0.7435897435897436,1.0,1,1
LP002053,1,1,3,0,0,0.4196616277905696,0.004535963712290302,0.2366255144032922,0.7435897435897436,1.0,1,1
LP002054,1,1,2,1,0,0.3454800280308339,0.03815969472244222,0.24485596707818932,0.7435897435897436,1.0,0,1
LP002055,0,0,0,0,0,0.3019321253378716,0.07163942688458493,0.25308641975308643,0.7435897435897436,1.0,0,1
LP002067,1,1,1,0,1,0.8525377915707278,0.11959104327165383,0.7551440329218108,0.7435897435897436,0.0,0,0
LP002068,1,0,0,0,0,0.47722494744218635,0.0,0.24897119341563786,0.7435897435897436,0.0,0,1
LP002082,1,1,0,0,1,0.5674241665832416,0.05183958528331773,0.360082304526749,0.7435897435897436,1.0,1,1
LP002086,0,1,0,0,0,0.4187606367003704,0.058823529411764705,0.2078189300411523,0.7435897435897436,1.0,2,0
LP002087,0,0,0,0,0,0.23525878466312947,0.0,0.11934156378600824,0.7435897435897436,1.0,2,1
LP002097,1,0,1,0,0,0.423866252878166,0.04303165574675403,0.22222222222222224,0.7435897435897436,1.0,2,1
LP002098,1,0,0,0,0,0.27880668735609165,0.0,0.18312757201646093,0.7435897435897436,1.0,1,1
LP002100,1,0,0,0,0,0.2685954550005005,0.0,0.12757201646090535,0.7435897435897436,1.0,2,1
LP002103,1,1,1,0,1,0.9693663029332266,0.043991648066815464,0.3559670781893004,0.358974358974359,1.0,2,1
LP002106,1,1,0,0,1,0.5358894784262689,0.10775913792689659,0.12551440329218108,0.7435897435897436,1.0,1,1
LP002110,1,1,1,0,0,0.5105616177795576,0.016511867905056758,0.3106995884773663,0.7435897435897436,1.0,0,1
LP002112,1,1,2,0,1,0.23525878466312947,0.11039911680706554,0.3436213991769547,0.7435897435897436,1.0,0,1
LP002113,0,0,3,1,0,0.16818500350385424,0.0,0.24485596707818932,0.7435897435897436,0.0,2,0
LP002114,0,0,0,0,0,0.4014415857443187,0.0,0.12757201646090535,0.7435897435897436,1.0,1,1
LP002115,1,1,3,1,0,0.2499749724697167,0.03808769529843761,0.3374485596707819,0.7435897435897436,1.0,0,0
LP002116,0,0,0,0,0,0.22304534988487337,0.0,0.07613168724279837,0.7435897435897436,1.0,0,0
LP002119,1,1,1,1,0,0.4408849734708179,0.02949576403388773,0.3065843621399177,0.7435897435897436,1.0,2,1
LP002126,1,1,3,1,0,0.30263289618580436,0.0,0.1337448559670782,0.7435897435897436,1.0,1,1
LP002128,1,1,2,0,0,0.24356792471718894,0.055919552643578854,0.23868312757201646,0.7435897435897436,1.0,0,1
LP002129,1,1,0,0,0,0.2351586745419962,0.05899152806777546,0.3106995884773663,0.7435897435897436,1.0,1,1
LP002130,1,1,0,1,0,0.33767143858244064,0.07751937984496124,0.294238683127572,0.7435897435897436,0.0,0,0
LP002131,1,1,2,1,0,0.29362298528381214,0.052031583747330024,0.24074074074074078,0.7435897435897436,1.0,2,1
LP002137,1,1,0,0,0,0.6189808789668636,0.10999112007103944,0.5144032921810701,0.7435897435897436,1.0,1,1
LP002138,1,1,0,0,0,0.24777254980478527,0.14999880000959992,0.3662551440329218,0.7435897435897436,1.0,0,1
LP002139,1,1,0,0,0,0.8942837120832916,0.0,0.4506172839506173,0.7435897435897436,1.0,1,1
LP002140,1,0,0,0,0,0.8609470417459205,0.10000719994240047,0.6152263374485597,0.7435897435897436,1.0,0,0
LP002141,1,1,3,0,0,0.2518770647712483,0.049991600067199465,0.1769547325102881,0.7435897435897436,1.0,0,1
LP002142,0,1,0,0,1,0.5355891480628692,0.0,0.19753086419753088,0.7435897435897436,0.0,0,0
LP002143,0,1,0,0,0,0.22755030533586945,0.012119903040775674,0.24897119341563786,0.7435897435897436,1.0,1,1
LP002144,0,0,0,0,0,0.3667033737110822,0.0,0.22016460905349797,0.358974358974359,1.0,2,1
LP002149,1,1,2,0,0,0.8192011212333568,0.07600739194086448,0.32098765432098764,0.7435897435897436,1.0,0,1
LP002151,1,1,1,0,0,0.37291020122134344,0.0,0.11934156378600824,0.7435897435897436,1.0,2,0
LP002158,1,1,0,1,0,0.2853138452297527,0.03998368013055895,0.18724279835390947,1.0000000000000002,0.0,2,0
LP002160,1,1,3,0,0,0.5022524777254981,0.07600739194086448,0.39300411522633744,0.7435897435897436,1.0,1,1
LP002161,0,0,1,0,0,0.45780358394233656,0.0,0.14814814814814817,0.7435897435897436,1.0,1,0
LP002170,1,1,2,0,0,0.4855340874962459,0.08800729594163247,0.46707818930041156,0.7435897435897436,1.0,1,1
LP002175,1,1,0,0,0,0.4605065572129342,0.05599155206758346,0.24897119341563786,0.7435897435897436,1.0,2,1
LP002178,1,1,0,0,0,0.2866152768044849,0.07279141766865865,0.1769547325102881,0.6153846153846154,1.0,2,1
LP002180,1,0,0,0,1,0.6679347282010212,0.0,0.2716049382716049,0.7435897435897436,1.0,0,1
LP002181,1,0,0,1,0,0.6072679947942737,0.0,0.2551440329218107,0.7435897435897436,1.0,0,0
LP002187,1,0,0,0,0,0.23525878466312947,0.0,0.17901234567901236,1.0000000000000002,1.0,1,0
LP002188,1,0,0,0,0,0.4979477425167684,0.0,0.2366255144032922,0.7435897435897436,0.0,0,0
LP002190,1,1,1,0,0,0.6181799979977977,0.0,0.34156378600823045,0.7435897435897436,1.0,1,1
LP002197,1,1,2,0,0,0.5040544599058965,0.0,0.3004115226337449,0.7435897435897436,1.0,1,1
LP002201,1,1,2,0,1,0.9183101411552709,0.18895048839609282,0.763374485596708,0.6153846153846154,1.0,0,1
LP002205,1,0,1,0,0,0.291520672740014,0.04768761849905201,0.20987654320987656,0.358974358974359,0.0,2,0
LP002209,0,0,0,0,0,0.26168785664230654,0.03501571987424101,0.2078189300411523,0.7435897435897436,1.0,2,1
LP002211,1,1,0,0,0,0.46721393532886174,0.02215182278541772,0.22839506172839508,0.358974358974359,1.0,2,1
LP002219,1,1,3,0,0,0.8609470417459205,0.11990304077567379,0.24897119341563786,0.7435897435897436,1.0,0,1
LP002223,1,1,0,0,0,0.4164581039143057,0.0,0.24897119341563786,0.7435897435897436,1.0,1,1
LP002224,1,0,0,0,0,0.2922214435879467,0.0,0.12757201646090535,1.0000000000000002,1.0,2,0
LP002225,1,1,2,0,0,0.5246771448593454,0.0,0.24897119341563786,0.7435897435897436,1.0,2,1
LP002226,1,1,0,0,0,0.3186505155671238,0.05999952000383997,0.24485596707818932,0.7435897435897436,1.0,1,1
LP002229,1,0,0,0,0,0.5797377114826309,0.1015671874625003,0.5905349794238683,0.7435897435897436,1.0,1,1
LP002231,0,0,0,0,0,0.5856442086294925,0.0,0.30246913580246915,0.7435897435897436,1.0,2,1
LP002234,1,0,0,0,1,0.7024727199919912,0.0,0.24485596707818932,0.7435897435897436,1.0,2,1
LP002236,1,1,2,0,0,0.4420862949244168,0.0,0.18724279835390947,0.7435897435897436,1.0,2,0
LP002237,1,0,1,0,0,0.35208729602562816,0.0,0.21399176954732513,0.358974358974359,1.0,2,1
LP002239,1,0,0,1,0,0.21984182600860946,0.03839969280245758,0.25308641975308643,0.7435897435897436,1.0,1,1
LP002243,1,1,0,1,0,0.2863149464410852,0.07526339789281686,0.24485596707818932,0.7435897435897436,0.0,2,0
LP002244,1,1,0,0,0,0.21854039443387727,0.05800753593971248,0.2613168724279835,0.7435897435897436,1.0,2,1
LP002250,1,1,0,0,0,0.5343878266092702,0.0,0.23868312757201646,0.7435897435897436,1.0,0,1
LP002255,1,0,3,0,0,0.9026929622584844,0.0,0.36213991769547327,0.7435897435897436,1.0,0,1
LP002262,1,1,3,0,0,0.9364300730803885,0.0,0.5473251028806585,0.7435897435897436,1.0,0,1
LP002263,1,1,0,0,0,0.24356792471718894,0.050759593923248615,0.22839506172839508,0.7435897435897436,1.0,2,1
LP002265,1,1,2,1,0,0.18450295324857344,0.03899968800249598,0.21399176954732513,0.358974358974359,1.0,1,1
LP002266,1,1,2,0,0,0.29532485734307734,0.03359973120215038,0.21399176954732513,0.7435897435897436,1.0,2,1
LP002272,1,1,2,0,0,0.31294423866252874,0.011615907072743419,0.25925925925925924,0.7435897435897436,1.0,1,1
LP002277,0,0,0,0,0,0.3033336670337371,0.0,0.12757201646090535,0.7435897435897436,0.0,2,0
LP002281,1,1,0,0,0,0.28861747922714986,0.03501571987424101,0.1769547325102881,0.7435897435897436,1.0,2,1
LP002284,1,0,0,1,0,0.3756131744919411,0.03998368013055895,0.205761316872428,0.7435897435897436,1.0,0,1
LP002287,0,0,0,0,0,0.1351486635298829,0.04319965440276478,0.1934156378600823,0.7435897435897436,0.0,1,0
LP002288,1,1,2,1,0,0.27420162178396235,0.0,0.07407407407407408,0.358974358974359,0.0,2,0
LP002296,1,0,0,1,0,0.2607868655521073,0.0,0.11522633744855967,0.6153846153846154,1.0,0,0
LP002297,1,0,0,0,0,0.23525878466312947,0.47999616003071977,0.1934156378600823,0.7435897435897436,1.0,1,1
LP002300,0,0,0,1,0,0.18149964961457604,0.0,0.09053497942386832,0.7435897435897436,1.0,1,1
LP002301,0,0,0,0,1,0.7299028931825008,0.0,0.38065843621399176,0.7435897435897436,1.0,0,0
LP002305,0,0,0,0,0,0.44018420262288516,0.0,0.2181069958847737,0.7435897435897436,1.0,1,1
LP002308,1,1,0,1,0,0.20192211432575835,0.05759953920368637,0.2181069958847737,0.7435897435897436,1.0,2,1
LP002314,0,0,0,1,0,0.20652717989788769,0.0,0.11728395061728397,0.7435897435897436,1.0,0,1
LP002315,1,1,1,0,0,0.8158974872359596,0.0,0.294238683127572,0.6153846153846154,0.0,1,0
LP002318,0,0,1,1,1,0.3721093202522775,0.0,0.10905349794238683,0.7435897435897436,1.0,1,0
LP002319,1,1,0,0,0,0.6112723996396036,0.0,0.3106995884773663,0.7435897435897436,1.0,2,1
LP002328,1,1,0,1,0,0.5952547802582842,0.0,0.43004115226337447,0.7435897435897436,0.0,0,0
LP002332,1,1,0,1,0,0.21053158474321754,0.04879160966712266,0.2078189300411523,0.7435897435897436,1.0,0,1
LP002335,0,1,0,1,0,0.2001201321453599,0.07768737850097199,0.3477366255144033,0.7435897435897436,0.0,1,0
LP002337,0,0,0,0,0,0.2848132946240865,0.0,0.10493827160493828,0.7435897435897436,1.0,2,1
LP002341,0,0,1,0,0,0.24526979677645408,0.0,0.3106995884773663,0.7435897435897436,1.0,2,0
LP002342,1,1,2,0,1,0.14515967564320753,0.47999616003071977,0.4732510288065844,0.7435897435897436,1.0,2,0
LP002345,1,1,0,0,0,0.08759635599159074,0.06655146758825929,0.21193415637860083,0.7435897435897436,1.0,0,1
LP002347,1,1,0,0,0,0.3099409350285314,0.034007727938176496,0.2654320987654321,0.7435897435897436,1.0,1,1
LP002348,1,1,0,0,0,0.5685253779157073,0.0,0.2654320987654321,0.7435897435897436,1.0,0,1
LP002357,0,0,0,1,0,0.2572830113124437,0.0,0.1460905349794239,0.7435897435897436,0.0,2,0
LP002361,1,1,0,0,0,0.16718390229252178,0.04125566995464036,0.18724279835390947,0.7435897435897436,1.0,2,1
LP002362,1,1,1,0,0,0.7107818600460507,0.04000767993856049,0.2078189300411523,0.7435897435897436,0.0,2,0
LP002366,1,1,0,0,0,0.2518770647712483,0.10319917440660475,0.23045267489711938,0.7435897435897436,1.0,0,1
LP002367,0,0,1,1,0,0.4460906997697467,0.0,0.14814814814814817,0.7435897435897436,1.0,0,0
LP002368,1,1,2,0,0,0.5791370507558314,0.0,0.2551440329218107,0.7435897435897436,1.0,1,1
LP002369,1,1,0,0,0,0.27730503553909297,0.0003868769251445988,0.16049382716049385,0.7435897435897436,1.0,0,1
LP002370,1,0,0,1,0,0.2569826809490439,0.0,0.10493827160493828,0.358974358974359,1.0,2,1
LP002377,0,0,1,0,1,0.8483331664831315,0.0,0.29012345679012347,0.7435897435897436,1.0,1,1
LP002379,1,0,0,0,0,0.6356992691961157,0.0,0.19753086419753088,0.7435897435897436,0.0,0,0
LP002387,1,1,0,0,0,0.22775052557813596,0.056159550723594215,0.2757201646090535,0.7435897435897436,1.0,1,1
LP002390,1,0,0,0,0,0.36039643607968763,0.0,0.18724279835390947,0.7435897435897436,1.0,2,1
LP002393,0,1,0,0,0,0.9907898688557414,0.0,0.24485596707818932,0.4871794871794872,1.0,1,1
LP002398,1,0,0,0,0,0.1777955751326459,0.04442364461084311,0.08436213991769548,0.7435897435897436,1.0,1,1
LP002401,1,1,0,0,0,0.20652717989788769,0.026999784001727985,0.24485596707818932,0.7435897435897436,1.0,2,1
LP002407,0,1,0,1,1,0.6999699669636601,0.0,0.2654320987654321,0.7435897435897436,1.0,0,1
LP002408,1,0,0,0,0,0.3513865251776954,0.12153502771977824,0.3662551440329218,0.7435897435897436,1.0,1,1
LP002409,1,1,0,0,0,0.7759535489037942,0.043991648066815464,0.35185185185185186,0.7435897435897436,1.0,0,1
LP002418,1,0,3,1,0,0.4562018220042046,0.04783161734706123,0.28600823045267487,0.7435897435897436,1.0,1,1
LP002424,1,1,0,0,0,0.7190910001001102,0.19999040007679939,0.34156378600823045,0.6153846153846154,1.0,0,1
LP002429,1,1,1,0,1,0.3319651616778456,0.029039767681858546,0.24897119341563786,0.7435897435897436,1.0,0,1
LP002434,1,1,2,1,0,0.45069576534187605,0.0,0.2078189300411523,0.7435897435897436,1.0,0,1
LP002435,1,1,0,0,0,0.3392732005205726,0.033023735810113516,0.09465020576131689,0.7435897435897436,1.0,0,0
LP002443,1,1,2,0,0,0.31935128641505656,0.04103967168262654,0.29012345679012347,0.7435897435897436,0.0,0,0
LP002444,1,0,1,1,1,0.26218840724797277,0.03700770393836849,0.3724279835390947,0.7435897435897436,1.0,1,0
LP002446,1,1,2,1,0,0.21613775152667936,0.030119759041927666,0.23868312757201646,0.7435897435897436,0.0,0,0
LP002447,1,1,2,1,0,0.18099909900890981,0.0349437204502364,0.10493827160493828,0.6153846153846154,1.0,2,1
LP002448,1,1,0,0,0,0.38021824006407046,0.041591667266661865,0.2880658436213992,0.7435897435897436,0.0,0,0
LP002449,1,1,0,0,0,0.23355691260386427,0.059183526531787746,0.16666666666666669,0.358974358974359,0.0,0,1
LP002453,1,0,0,0,1,0.694263690059065,0.0,0.154320987654321,0.7435897435897436,1.0,1,1
LP002455,1,1,2,0,0,0.3713084392832115,0.0,0.17901234567901236,0.7435897435897436,1.0,1,1
LP002459,1,1,0,0,0,0.4155571128241065,0.0,0.22427983539094654,0.7435897435897436,1.0,2,1
LP002467,1,1,0,0,0,0.3561918109920913,0.06165550675594595,0.3374485596707819,0.7435897435897436,1.0,2,0
LP002472,1,0,2,0,0,0.42086294924416856,0.0,0.2613168724279835,0.7435897435897436,1.0,0,1
LP002473,1,1,0,0,0,0.81930123135449,0.0,0.3106995884773663,0.7435897435897436,1.0,1,0
LP002478,1,1,0,0,1,0.19351286415056562,0.09799121607027143,0.3106995884773663,0.7435897435897436,1.0,1,1
LP002484,1,1,3,0,0,0.7598358194013415,0.0,0.24485596707818932,0.358974358974359,1.0,2,1
LP002487,1,1,0,0,0,0.2868154970467514,0.052511579907360745,0.2962962962962963,0.7435897435897436,1.0,0,1
LP002489,0,0,1,1,0,0.504655120632696,0.0,0.25308641975308643,0.7435897435897436,1.0,1,1
LP002493,1,0,0,0,0,0.4020422464711182,0.0,0.18312757201646093,0.7435897435897436,0.0,1,0
LP002494,1,0,0,0,0,0.5856442086294925,0.0,0.26954732510288065,0.7435897435897436,1.0,0,1
LP002500,1,1,3,1,0,0.2800080088096906,0.039935680514555885,0.12551440329218108,0.358974358974359,0.0,2,0
LP002502,0,1,2,1,0,0.006006607267994794,0.07000743994048048,0.18312757201646093,0.7435897435897436,1.0,1,1
LP002505,1,1,0,0,0,0.4187606367003704,0.058823529411764705,0.2078189300411523,0.7435897435897436,1.0,2,0
LP002515,1,1,1,0,1,0.3303633997397137,0.049895600835193316,0.3148148148148148,0.7435897435897436,1.0,1,1
LP002517,1,1,1,1,0,0.25057563319651616,0.03599971200230398,0.21399176954732513,0.358974358974359,0.0,0,0
LP002519,1,1,3,0,0,0.4546000600660727,0.0,0.18724279835390947,0.7435897435897436,1.0,1,1
LP002522,0,0,0,0,1,0.23525878466312947,0.0,0.17283950617283952,0.7435897435897436,1.0,2,1
LP002524,1,0,2,0,0,0.538792671939133,0.11155110759113927,0.3148148148148148,0.7435897435897436,1.0,0,1
LP002529,1,1,2,0,0,0.6557212934227651,0.04199966400268798,0.4547325102880659,0.6153846153846154,1.0,1,1
LP002530,1,1,2,0,0,0.2725998598458304,0.04492764057887537,0.25308641975308643,0.7435897435897436,0.0,1,0
LP002533,1,1,2,0,0,0.2800080088096906,0.03847169222646219,0.24485596707818932,0.7435897435897436,1.0,2,0
LP002534,0,0,0,1,0,0.4204625087596356,0.0,0.29835390946502055,0.7435897435897436,1.0,0,1
LP002536,1,1,3,1,0,0.2948243067374111,0.0,0.21399176954732513,0.7435897435897436,1.0,0,1
LP002537,1,1,0,0,0,0.19351286415056562,0.07559939520483837,0.24485596707818932,0.7435897435897436,1.0,1,1
LP002543,1,1,2,0,0,0.8192011212333568,0.0,0.4876543209876543,0.7435897435897436,1.0,1,1
LP002544,1,1,1,1,0,0.18099909900890981,0.058463532291741664,0.25102880658436216,0.7435897435897436,1.0,0,1
LP002545,1,0,2,0,0,0.3400740814896386,0.0,0.1460905349794239,0.7435897435897436,0.0,0,0
LP002555,1,1,2,0,1,0.443788166983682,0.049991600067199465,0.3106995884773663,0.7435897435897436,1.0,1,1
LP002556,1,0,0,0,0,0.22875162678946842,0.0,0.1358024691358025,0.7435897435897436,1.0,2,0
LP002560,1,0,0,1,0,0.25518069876864546,0.06683946528427773,0.17901234567901236,0.7435897435897436,1.0,1,1
LP002562,1,1,1,1,0,0.518870757833617,0.027143782849737202,0.36419753086419754,0.7435897435897436,1.0,2,1
LP002571,1,0,0,1,0,0.3544899389328261,0.0,0.2078189300411523,0.7435897435897436,1.0,0,1
LP002585,1,1,0,0,0,0.3450795875463009,0.051767585859313126,0.2263374485596708,0.7435897435897436,0.0,0,0
LP002586,0,1,1,0,0,0.3179497447191911,0.021911824705402358,0.19753086419753088,0.15384615384615388,1.0,1,1
LP002587,1,1,0,1,0,0.24526979677645408,0.04079967360261118,0.20164609053497945,0.7435897435897436,1.0,0,1
LP002588,1,1,0,0,0,0.4479927920712784,0.06856745146038831,0.20987654320987656,0.0,1.0,2,1
LP002600,1,1,1,0,1,0.27480228251076183,0.0,0.1769547325102881,0.7435897435897436,1.0,1,1
LP002602,1,0,0,0,0,0.6139753729102012,0.10598315213478292,0.411522633744856,0.7435897435897436,0.0,0,0
LP002603,0,0,0,0,0,0.04955450996095705,0.08839129286965704,0.21399176954732513,1.0000000000000002,1.0,0,1
LP002606,0,0,0,0,0,0.30123135448993893,0.0,0.18724279835390947,0.7435897435897436,1.0,1,1
LP002615,1,1,2,0,0,0.47201922114325756,0.1349749202006384,0.4094650205761317,0.7435897435897436,1.0,1,1
LP002618,1,1,1,1,0,0.3904294724196616,0.1272469820241438,0.2654320987654321,0.7435897435897436,1.0,0,0
LP002619,1,1,0,1,0,0.3668034838322154,0.03559171526627787,0.2366255144032922,0.6153846153846154,1.0,1,1
LP002622,1,1,2,0,0,0.33637000700770847,0.10598315213478292,0.48148148148148145,0.7435897435897436,1.0,0,1
LP002625,1,0,0,0,0,0.34367804585043543,0.0,0.17901234567901236,0.7435897435897436,1.0,2,0
LP002626,1,1,0,0,1,0.23315647211933127,0.07231142150862793,0.3683127572016461,0.7435897435897436,1.0,2,1
LP002637,1,0,0,1,0,0.34517969766743417,0.030887752897976815,0.18724279835390947,0.7435897435897436,1.0,0,0
LP002640,1,1,1,0,0,0.5921513665031535,0.04809561523507812,0.4958847736625514,0.7435897435897436,1.0,1,1
LP002643,1,1,2,0,0,0.3136450095104615,0.04883960928312574,0.28600823045267487,0.7435897435897436,1.0,2,1
LP002648,1,1,0,0,0,0.19821803984382821,0.1599827201382389,0.12551440329218108,0.358974358974359,1.0,1,0
LP002652,1,0,0,0,0,0.5671238362198419,0.08798329613363093,0.6213991769547326,0.7435897435897436,1.0,0,0
LP002659,1,1,3,0,0,0.3319651616778456,0.08227134182926536,0.29012345679012347,0.7435897435897436,1.0,0,1
LP002670,0,1,2,0,0,0.1883071378516368,0.039167686658506735,0.21399176954732513,1.0000000000000002,1.0,1,1
LP002682,1,1,0,1,0,0.29272199419361294,0.04319965440276478,0.23456790123456792,0.7435897435897436,0.0,1,0
LP002683,1,0,0,0,0,0.4537991790970067,0.04595963232294142,0.36213991769547327,0.7435897435897436,1.0,1,0
LP002684,0,0,0,1,0,0.32535789368305135,0.0,0.1769547325102881,0.7435897435897436,1.0,0,0
LP002689,1,1,2,1,0,0.20442486735408952,0.04180766553867569,0.07407407407407408,0.7435897435897436,1.0,1,1
LP002690,1,0,0,0,0,0.23525878466312947,0.0,0.09465020576131689,0.7435897435897436,1.0,1,1
LP002692,1,1,3,0,1,0.5533086395034539,0.034175726594187245,0.18724279835390947,0.7435897435897436,1.0,0,1
LP002693,1,1,2,0,1,0.7806587245970568,0.1719826241390069,0.9691358024691359,0.7435897435897436,1.0,0,1
LP002697,1,0,0,0,0,0.45349884873360696,0.05008759929920561,0.24485596707818932,0.7435897435897436,1.0,1,0
LP002705,1,1,0,0,0,0.36289918910801877,0.0,0.2078189300411523,0.7435897435897436,1.0,1,1
LP002706,1,1,1,1,0,0.5140654720192211,0.03431972544219646,0.31275720164609055,0.7435897435897436,0.0,1,1
LP002714,1,0,1,1,0,0.25317849634598055,0.031247750017999856,0.1748971193415638,0.7435897435897436,1.0,1,1
LP002716,1,0,0,1,0,0.6640304334768246,0.0,0.24897119341563786,0.7435897435897436,1.0,1,1
LP002717,1,1,0,0,0,0.08759635599159074,0.13199894400844794,0.42592592592592593,0.7435897435897436,1.0,0,1
LP002720,1,1,3,0,0,0.41355491040144154,0.0,0.18724279835390947,0.7435897435897436,1.0,2,1
LP002723,1,0,2,0,0,0.3441785964561017,0.0,0.2078189300411523,0.7435897435897436,0.0,0,0
LP002732,1,0,0,1,0,0.2402642907197918,0.049007607939136485,0.24074074074074078,0.7435897435897436,1.0,0,1
LP002734,1,1,0,0,0,0.5989588547402143,0.09374325005399957,0.6481481481481483,0.7435897435897436,1.0,2,1
LP002738,1,0,2,0,0,0.3470817899689658,0.0,0.20164609053497945,0.7435897435897436,1.0,1,1
LP002739,1,1,0,1,0,0.27700470517569326,0.01286389708882329,0.11728395061728397,0.7435897435897436,1.0,0,0
LP002740,1,1,3,0,0,0.6273901291420563,0.0,0.3045267489711934,0.358974358974359,1.0,0,1
LP002741,0,1,1,0,0,0.4462909200120132,0.06827945376436989,0.26954732510288065,0.358974358974359,1.0,1,1
LP002743,0,0,0,0,0,0.19901892081289418,0.0,0.1851851851851852,0.7435897435897436,0.0,1,0
LP002753,0,0,1,0,0,0.3505856442086295,0.0,0.1769547325102881,0.7435897435897436,1.0,1,1
LP002755,1,1,1,1,0,0.20913004304735208,0.060575515395876835,0.24485596707818932,0.7435897435897436,1.0,2,1
LP002757,0,1,0,1,0,0.2870157172890179,0.01591187270501836,0.19135802469135804,0.7435897435897436,1.0,1,1
LP002767,1,1,0,0,0,0.2620882971268395,0.04679962560299518,0.3004115226337449,0.7435897435897436,1.0,0,1
LP002768,1,0,0,1,0,0.32115326859545495,0.0,0.1460905349794239,0.05128205128205128,1.0,1,0
LP002772,1,0,0,0,0,0.23786164781259386,0.04279165766673867,0.27983539094650206,0.7435897435897436,1.0,0,1
LP002776,0,0,0,0,0,0.4855340874962459,0.0,0.1934156378600823,0.7435897435897436,0.0,1,0
LP002777,1,1,0,0,0,0.2637901691861047,0.048383612931096553,0.2078189300411523,0.7435897435897436,1.0,0,1
LP002778,1,1,2,0,1,0.6490139153068375,0.0,0.24485596707818932,0.7435897435897436,0.0,0,0
LP002784,1,1,1,1,0,0.23445790369406347,0.05699954400364797,0.24485596707818932,0.7435897435897436,1.0,0,1
LP002785,1,1,1,0,0,0.3186505155671238,0.07799937600499196,0.3065843621399177,0.7435897435897436,1.0,2,1
LP002788,1,1,0,1,0,0.2306537190910001,0.05599155206758346,0.35390946502057613,0.7435897435897436,0.0,2,0
LP002789,1,1,0,0,0,0.34467914706176794,0.10238318093455252,0.25308641975308643,0.358974358974359,0.0,0,0
LP002792,1,1,1,0,0,0.5323856241866053,0.02476780185758514,0.034979423868312765,0.7435897435897436,1.0,1,1
LP002794,0,0,0,0,0,0.2519771748923816,0.03899968800249598,0.154320987654321,0.7435897435897436,1.0,2,1
LP002795,1,1,3,0,1,1.0,0.0,0.5164609053497943,0.7435897435897436,1.0,1,1
LP002798,1,1,0,0,0,0.3741115226749424,0.06405548755609955,0.3148148148148148,0.7435897435897436,1.0,1,1
LP002804,0,1,0,0,0,0.4034437881669837,0.05534355725154199,0.3559670781893004,0.7435897435897436,1.0,1,1
LP002807,1,1,2,1,0,0.35288817699469416,0.0058079535363717094,0.20370370370370372,0.7435897435897436,1.0,1,1
LP002820,1,1,0,0,0,0.5779357293022325,0.04929560563515492,0.4156378600823045,0.7435897435897436,1.0,0,1
LP002821,1,0,0,1,1,0.5656221844028432,0.0,0.25308641975308643,0.7435897435897436,1.0,1,1
LP002832,1,1,2,0,0,0.8658524376814496,0.0,0.5123456790123457,0.7435897435897436,0.0,2,0
LP002833,1,1,0,1,0,0.4321753929322254,0.0,0.22839506172839508,0.7435897435897436,1.0,0,1
LP002836,1,0,0,0,0,0.3186505155671238,0.0,0.12551440329218108,0.7435897435897436,1.0,2,1
LP002837,1,1,3,0,0,0.32535789368305135,0.05999952000383997,0.23456790123456792,0.7435897435897436,0.0,0,0
LP002840,0,0,0,0,0,0.22304534988487337,0.0,0.0,0.7435897435897436,1.0,2,0
LP002841,1,1,0,0,0,0.3019321253378716,0.04953560371517028,0.1954732510288066,0.7435897435897436,0.0,2,0
LP002842,1,1,1,0,0,0.32705976574231654,0.04199966400268798,0.36419753086419754,0.7435897435897436,1.0,2,1
LP002847,1,1,0,0,0,0.49714686154770243,0.03482372141022872,0.32098765432098764,0.7435897435897436,0.0,2,0
LP002862,1,1,2,1,0,0.5981579737711483,0.03899968800249598,0.3662551440329218,1.0000000000000002,1.0,1,0
LP002863,1,1,3,0,0,0.6262889178095906,0.0,0.29012345679012347,0.7435897435897436,1.0,1,0
LP002868,1,1,2,0,0,0.30123135448993893,0.01106391148870809,0.20370370370370372,0.15384615384615388,1.0,2,1
LP002872,1,1,0,0,0,0.29402342576834517,0.053039575683394534,0.2613168724279835,0.7435897435897436,0.0,1,0
LP002874,1,0,0,0,0,0.3082390629692662,0.06573547411620707,0.2078189300411523,0.7435897435897436,1.0,2,1
LP002877,1,1,1,0,0,0.16337971768945841,0.05356757145942832,0.20164609053497945,0.7435897435897436,1.0,0,1
LP002888,1,0,0,0,0,0.30353388727600356,0.07000743994048048,0.31275720164609055,0.7435897435897436,1.0,2,1
LP002892,1,1,2,0,0,0.6397036740414456,0.0,0.40329218106995884,0.7435897435897436,1.0,1,1
LP002893,1,0,0,0,0,0.16878566423065372,0.8120815033479732,0.16666666666666669,0.7435897435897436,1.0,2,0
LP002894,0,1,0,0,0,0.3019321253378716,0.0,0.055555555555555566,0.7435897435897436,1.0,1,1
LP002898,1,1,1,0,0,0.17319050956051657,0.0,0.10699588477366256,0.7435897435897436,1.0,0,0
LP002911,1,1,1,0,0,0.26399038942837116,0.04600763193894449,0.28189300411522633,0.7435897435897436,0.0,0,0
LP002912,1,1,1,0,0,0.41375513064370806,0.07199942400460796,0.33539094650205764,0.15384615384615388,1.0,0,0
LP002916,1,1,0,0,0,0.2149364300730804,0.036527707778337776,0.1954732510288066,0.7435897435897436,1.0,2,1
LP002917,0,0,0,1,0,0.20172189408349184,0.0,0.12551440329218108,0.7435897435897436,1.0,1,1
LP002925,1,0,0,0,0,0.4605065572129342,0.0,0.1748971193415638,0.7435897435897436,1.0,1,1
LP002926,1,1,2,0,1,0.2578836720392432,0.0,0.19958847736625515,0.7435897435897436,0.0,1,0
LP002928,1,1,0,0,0,0.2853138452297527,0.08198334413324694,0.09670781893004116,0.358974358974359,1.0,1,1
LP002931,1,1,2,0,1,0.5856442086294925,0.0,0.40329218106995884,0.4871794871794872,1.0,1,0
LP002933,1,0,3,0,1,0.9217138852738012,0.0,0.5823045267489713,0.7435897435897436,1.0,1,1
LP002936,1,1,0,0,0,0.3713084392832115,0.07919936640506876,0.2736625514403292,0.358974358974359,1.0,0,1
LP002940,1,0,0,1,0,0.3687055761337471,0.0,0.2078189300411523,0.7435897435897436,1.0,0,1
LP002941,1,1,2,1,1,0.6239863850235259,0.023999808001535988,0.3662551440329218,0.7435897435897436,1.0,0,0
LP002943,1,0,0,0,0,0.2840124136550205,0.0,0.16255144032921812,0.7435897435897436,0.0,1,0
LP002945,1,1,0,0,1,0.9823806186805486,0.0,0.35185185185185186,0.7435897435897436,1.0,0,1
LP002948,1,1,2,0,0,0.5636199819801783,0.0,0.3765432098765432,0.7435897435897436,1.0,2,1
LP002949,0,0,3,0,0,0.026629292221443588,1.0,0.7016460905349795,0.358974358974359,1.0,2,0
LP002950,1,1,0,1,0,0.2747021723896286,0.06700746394028848,0.3004115226337449,0.7435897435897436,1.0,0,1
LP002953,1,1,3,0,0,0.5559115026529182,0.0,0.24485596707818932,0.7435897435897436,1.0,2,1
LP002958,1,0,0,0,0,0.35298828711582736,0.10322317421460628,0.33539094650205764,0.7435897435897436,1.0,0,1
LP002960,1,1,0,1,0,0.2252477725498048,0.09119927040583675,0.24485596707818932,0.358974358974359,1.0,2,0
LP002961,1,1,1,0,0,0.32535789368305135,0.05999952000383997,0.3374485596707819,0.7435897435897436,1.0,1,1
LP002964,1,1,2,1,0,0.3841225347882671,0.03386372909016728,0.3045267489711934,0.7435897435897436,1.0,0,1
LP002974,1,1,0,0,0,0.3085393933326659,0.04679962560299518,0.20370370370370372,0.7435897435897436,1.0,0,1
LP002978,0,0,0,0,0,0.27530283311642806,0.0,0.12757201646090535,0.7435897435897436,1.0,0,1
LP002979,1,1,3,0,0,0.3960356392031234,0.0,0.06378600823045269,0.358974358974359,1.0,0,1
LP002983,1,1,1,0,0,0.7930723796175794,0.005759953920368637,0.5020576131687243,0.7435897435897436,1.0,2,1
LP002984,1,1,2,0,0,0.7441185303834218,0.0,0.3662551440329218,0.7435897435897436,1.0,2,1
LP002990,0,0,0,0,1,0.443788166983682,0.0,0.2551440329218107,0.7435897435897436,0.0,1,0
LP002287,0,0,0,0,0,0.1351486635298829,0.04319965440276478,0.1954732510288066,0.7435897435897436,0.0,1,0
LP002288,1,1,2,1,0,0.27420162178396235,0.0,0.07407407407407408,0.358974358974359,0.0,2,0
LP002296,1,0,0,1,0,0.2607868655521073,0.0,0.11522633744855967,0.6153846153846154,1.0,0,0
LP002297,1,0,0,0,0,0.23525878466312947,0.47999616003071977,0.1934156378600823,0.7435897435897436,1.0,1,1
LP002300,0,0,0,1,0,0.1815997597357093,0.0,0.09053497942386832,0.7435897435897436,1.0,1,1
LP002301,0,0,0,0,1,0.7298027830613675,0.0,0.38065843621399176,0.7435897435897436,1.0,0,0
LP002305,0,0,0,0,0,0.44018420262288516,0.0,0.2181069958847737,0.7435897435897436,1.0,1,1
LP002308,1,1,0,1,0,0.20192211432575835,0.05759953920368637,0.2181069958847737,0.7435897435897436,1.0,2,1
LP002314,0,0,0,1,0,0.20652717989788769,0.0,0.11728395061728397,0.7435897435897436,1.0,0,1
LP002315,1,1,1,0,0,0.8158974872359596,0.0,0.29218106995884774,0.6153846153846154,0.0,1,0
LP002318,0,0,1,1,1,0.3721093202522775,0.0,0.10905349794238683,0.7435897435897436,1.0,1,0
LP002319,1,1,0,0,0,0.6112723996396036,0.0,0.3148148148148148,0.7435897435897436,1.0,2,1
LP002328,1,1,0,1,0,0.5952547802582842,0.0,0.43004115226337447,0.7435897435897436,0.0,0,0
LP002332,1,1,0,1,0,0.21053158474321754,0.04879160966712266,0.2078189300411523,0.7435897435897436,1.0,0,1
LP002335,0,1,0,1,0,0.2001201321453599,0.07768737850097199,0.3477366255144033,0.7435897435897436,0.0,1,0
LP002337,0,0,0,0,0,0.2848132946240865,0.0,0.10493827160493828,0.7435897435897436,1.0,2,1
LP002341,0,0,1,0,0,0.24526979677645408,0.0,0.3106995884773663,0.7435897435897436,1.0,2,0
LP002342,1,1,2,0,1,0.14515967564320753,0.47999616003071977,0.4732510288065844,0.7435897435897436,1.0,2,0
LP002345,1,1,0,0,0,0.08759635599159074,0.06655146758825929,0.21193415637860083,0.7435897435897436,1.0,0,1
LP002347,1,1,0,0,0,0.3099409350285314,0.034007727938176496,0.2654320987654321,0.7435897435897436,1.0,1,1
LP002348,1,1,0,0,0,0.5685253779157073,0.0,0.2654320987654321,0.7435897435897436,1.0,0,1
LP002357,0,0,0,1,0,0.2572830113124437,0.0,0.1460905349794239,0.7435897435897436,0.0,2,0
LP002361,1,1,0,0,0,0.16718390229252178,0.04125566995464036,0.18724279835390947,0.7435897435897436,1.0,2,1
LP002362,1,1,1,0,0,0.7107818600460507,0.04000767993856049,0.2078189300411523,0.7435897435897436,0.0,2,0
LP002366,1,1,0,0,0,0.2518770647712483,0.10319917440660475,0.23045267489711938,0.7435897435897436,1.0,0,1
LP002367,0,0,1,1,0,0.4460906997697467,0.0,0.14814814814814817,0.7435897435897436,1.0,0,0
LP002368,1,1,2,0,0,0.5791370507558314,0.0,0.2551440329218107,0.7435897435897436,1.0,1,1
LP002369,1,1,0,0,0,0.27730503553909297,0.0003868769251445988,0.16049382716049385,0.7435897435897436,1.0,0,1
LP002370,1,0,0,1,0,0.2569826809490439,0.0,0.10493827160493828,0.358974358974359,1.0,2,1
LP002377,0,0,1,0,1,0.8483331664831315,0.0,0.29012345679012347,0.7435897435897436,1.0,1,1
LP002379,1,0,0,0,0,0.6356992691961157,0.0,0.19753086419753088,0.7435897435897436,0.0,0,0
LP002387,1,1,0,0,0,0.22775052557813596,0.056159550723594215,0.2757201646090535,0.7435897435897436,1.0,1,1
LP002390,1,0,0,0,0,0.36039643607968763,0.0,0.18724279835390947,0.7435897435897436,1.0,2,1
LP002393,0,1,0,0,0,0.9907898688557414,0.0,0.24485596707818932,0.4871794871794872,1.0,1,1
LP002398,1,0,0,0,0,0.1777955751326459,0.04442364461084311,0.08436213991769548,0.7435897435897436,1.0,1,1
LP002401,1,1,0,0,0,0.20652717989788769,0.026999784001727985,0.24485596707818932,0.7435897435897436,1.0,2,1
LP002407,0,1,0,1,1,0.6999699669636601,0.0,0.2654320987654321,0.7435897435897436,1.0,0,1
LP002408,1,0,0,0,0,0.3513865251776954,0.12153502771977824,0.3662551440329218,0.7435897435897436,1.0,1,1
LP002409,1,1,0,0,0,0.7759535489037942,0.043991648066815464,0.35185185185185186,0.7435897435897436,1.0,0,1
LP002418,1,0,3,1,0,0.4562018220042046,0.04783161734706123,0.28600823045267487,0.7435897435897436,1.0,1,1
LP002424,1,1,0,0,0,0.7190910001001102,0.19999040007679939,0.34156378600823045,0.6153846153846154,1.0,0,1
LP002429,1,1,1,0,1,0.3319651616778456,0.029039767681858546,0.24897119341563786,0.7435897435897436,1.0,0,1
LP002434,1,1,2,1,0,0.45069576534187605,0.0,0.2078189300411523,0.7435897435897436,1.0,0,1
LP002435,1,1,0,0,0,0.3392732005205726,0.033023735810113516,0.09465020576131689,0.7435897435897436,1.0,0,0
LP002443,1,1,2,0,0,0.31935128641505656,0.04103967168262654,0.29012345679012347,0.7435897435897436,0.0,0,0
LP002444,1,0,1,1,1,0.26218840724797277,0.03700770393836849,0.3724279835390947,0.7435897435897436,1.0,1,0
LP002446,1,1,2,1,0,0.21613775152667936,0.030119759041927666,0.23868312757201646,0.7435897435897436,0.0,0,0
LP002447,1,1,2,1,0,0.18099909900890981,0.0349437204502364,0.10493827160493828,0.6153846153846154,1.0,2,1
LP002448,1,1,0,0,0,0.38021824006407046,0.041591667266661865,0.2880658436213992,0.7435897435897436,0.0,0,0
LP002449,1,1,0,0,0,0.23355691260386427,0.059183526531787746,0.16666666666666669,0.358974358974359,0.0,0,1
LP002453,1,0,0,0,1,0.694263690059065,0.0,0.154320987654321,0.7435897435897436,1.0,1,1
LP002455,1,1,2,0,0,0.3713084392832115,0.0,0.17901234567901236,0.7435897435897436,1.0,1,1
LP002459,1,1,0,0,0,0.4155571128241065,0.0,0.22427983539094654,0.7435897435897436,1.0,2,1
LP002467,1,1,0,0,0,0.3561918109920913,0.06165550675594595,0.3374485596707819,0.7435897435897436,1.0,2,0
LP002472,1,0,2,0,0,0.42086294924416856,0.0,0.2613168724279835,0.7435897435897436,1.0,0,1
LP002473,1,1,0,0,0,0.81930123135449,0.0,0.3106995884773663,0.7435897435897436,1.0,1,0
LP002478,1,1,0,0,1,0.19351286415056562,0.09799121607027143,0.3106995884773663,0.7435897435897436,1.0,1,1
LP002484,1,1,3,0,0,0.7598358194013415,0.0,0.24485596707818932,0.358974358974359,1.0,2,1
LP002487,1,1,0,0,0,0.2868154970467514,0.052511579907360745,0.2962962962962963,0.7435897435897436,1.0,0,1
LP002489,0,0,1,1,0,0.504655120632696,0.0,0.25308641975308643,0.7435897435897436,1.0,1,1
LP002493,1,0,0,0,0,0.4020422464711182,0.0,0.18312757201646093,0.7435897435897436,0.0,1,0
LP002494,1,0,0,0,0,0.5856442086294925,0.0,0.26954732510288065,0.7435897435897436,1.0,0,1
LP002500,1,1,3,1,0,0.2800080088096906,0.039935680514555885,0.12551440329218108,0.358974358974359,0.0,2,0
LP002502,0,1,2,1,0,0.006006607267994794,0.07000743994048048,0.18312757201646093,0.7435897435897436,1.0,1,1
LP002505,1,1,0,0,0,0.4187606367003704,0.058823529411764705,0.2078189300411523,0.7435897435897436,1.0,2,0
LP002515,1,1,1,0,1,0.3303633997397137,0.049895600835193316,0.3148148148148148,0.7435897435897436,1.0,1,1
LP002517,1,1,1,1,0,0.25057563319651616,0.03599971200230398,0.21399176954732513,0.358974358974359,0.0,0,0
LP002519,1,1,3,0,0,0.4546000600660727,0.0,0.18724279835390947,0.7435897435897436,1.0,1,1
LP002522,0,0,0,0,1,0.23525878466312947,0.0,0.17283950617283952,0.7435897435897436,1.0,2,1
LP002524,1,0,2,0,0,0.538792671939133,0.11155110759113927,0.3148148148148148,0.7435897435897436,1.0,0,1
LP002529,1,1,2,0,0,0.6557212934227651,0.04199966400268798,0.4547325102880659,0.6153846153846154,1.0,1,1
LP002530,1,1,2,0,0,0.2725998598458304,0.04492764057887537,0.25308641975308643,0.7435897435897436,0.0,1,0
LP002533,1,1,2,0,0,0.2800080088096906,0.03847169222646219,0.24485596707818932,0.7435897435897436,1.0,2,0
LP002534,0,0,0,1,0,0.4204625087596356,0.0,0.29835390946502055,0.7435897435897436,1.0,0,1
LP002536,1,1,3,1,0,0.2948243067374111,0.0,0.21399176954732513,0.7435897435897436,1.0,0,1
LP002537,1,1,0,0,0,0.19351286415056562,0.07559939520483837,0.24485596707818932,0.7435897435897436,1.0,1,1
LP002543,1,1,2,0,0,0.8192011212333568,0.0,0.4876543209876543,0.7435897435897436,1.0,1,1
LP002544,1,1,1,1,0,0.18099909900890981,0.058463532291741664,0.25102880658436216,0.7435897435897436,1.0,0,1
LP002545,1,0,2,0,0,0.3400740814896386,0.0,0.1460905349794239,0.7435897435897436,0.0,0,0
LP002555,1,1,2,0,1,0.443788166983682,0.049991600067199465,0.3106995884773663,0.7435897435897436,1.0,1,1
LP002556,1,0,0,0,0,0.22875162678946842,0.0,0.1358024691358025,0.7435897435897436,1.0,2,0
LP002560,1,0,0,1,0,0.25518069876864546,0.06683946528427773,0.17901234567901236,0.7435897435897436,1.0,1,1
LP002562,1,1,1,1,0,0.518870757833617,0.027143782849737202,0.36419753086419754,0.7435897435897436,1.0,2,1
LP002571,1,0,0,1,0,0.3544899389328261,0.0,0.2078189300411523,0.7435897435897436,1.0,0,1
LP002585,1,1,0,0,0,0.3450795875463009,0.051767585859313126,0.2263374485596708,0.7435897435897436,0.0,0,0
LP002586,0,1,1,0,0,0.3179497447191911,0.021911824705402358,0.19753086419753088,0.15384615384615388,1.0,1,1
LP002587,1,1,0,1,0,0.24526979677645408,0.04079967360261118,0.20164609053497945,0.7435897435897436,1.0,0,1
LP002588,1,1,0,0,0,0.4479927920712784,0.06856745146038831,0.20987654320987656,0.0,1.0,2,1
LP002600,1,1,1,0,1,0.27480228251076183,0.0,0.1769547325102881,0.7435897435897436,1.0,1,1
LP002602,1,0,0,0,0,0.6139753729102012,0.10598315213478292,0.411522633744856,0.7435897435897436,0.0,0,0
LP002603,0,0,0,0,0,0.04955450996095705,0.08839129286965704,0.21399176954732513,1.0000000000000002,1.0,0,1
LP002606,0,0,0,0,0,0.30123135448993893,0.0,0.18724279835390947,0.7435897435897436,1.0,1,1
LP002615,1,1,2,0,0,0.47201922114325756,0.1349749202006384,0.4094650205761317,0.7435897435897436,1.0,1,1
LP002618,1,1,1,1,0,0.3904294724196616,0.1272469820241438,0.2654320987654321,0.7435897435897436,1.0,0,0
LP002619,1,1,0,1,0,0.3668034838322154,0.03559171526627787,0.2366255144032922,0.6153846153846154,1.0,1,1
LP002622,1,1,2,0,0,0.33637000700770847,0.10598315213478292,0.48148148148148145,0.7435897435897436,1.0,0,1
LP002625,1,0,0,0,0,0.34367804585043543,0.0,0.17901234567901236,0.7435897435897436,1.0,2,0
LP002626,1,1,0,0,1,0.23315647211933127,0.07231142150862793,0.3683127572016461,0.7435897435897436,1.0,2,1
LP002637,1,0,0,1,0,0.34517969766743417,0.030887752897976815,0.18724279835390947,0.7435897435897436,1.0,0,0
LP002640,1,1,1,0,0,0.5921513665031535,0.04809561523507812,0.4958847736625514,0.7435897435897436,1.0,1,1
LP002643,1,1,2,0,0,0.3136450095104615,0.04883960928312574,0.28600823045267487,0.7435897435897436,1.0,2,1
LP002648,1,1,0,0,0,0.19821803984382821,0.1599827201382389,0.12551440329218108,0.358974358974359,1.0,1,0
LP002652,1,0,0,0,0,0.5671238362198419,0.08798329613363093,0.6213991769547326,0.7435897435897436,1.0,0,0
LP002659,1,1,3,0,0,0.3319651616778456,0.08227134182926536,0.29012345679012347,0.7435897435897436,1.0,0,1
LP002670,0,1,2,0,0,0.1883071378516368,0.039167686658506735,0.21399176954732513,1.0000000000000002,1.0,1,1
LP002682,1,1,0,1,0,0.29272199419361294,0.04319965440276478,0.23456790123456792,0.7435897435897436,0.0,1,0
LP002683,1,0,0,0,0,0.4537991790970067,0.04595963232294142,0.36213991769547327,0.7435897435897436,1.0,1,0
LP002684,0,0,0,1,0,0.32535789368305135,0.0,0.1769547325102881,0.7435897435897436,1.0,0,0
LP002689,1,1,2,1,0,0.20442486735408952,0.04180766553867569,0.07407407407407408,0.7435897435897436,1.0,1,1
LP002690,1,0,0,0,0,0.23525878466312947,0.0,0.09465020576131689,0.7435897435897436,1.0,1,1
LP002692,1,1,3,0,1,0.5533086395034539,0.034175726594187245,0.18724279835390947,0.7435897435897436,1.0,0,1
LP002693,1,1,2,0,1,0.7806587245970568,0.1719826241390069,0.9691358024691359,0.7435897435897436,1.0,0,1
LP002697,1,0,0,0,0,0.45349884873360696,0.05008759929920561,0.24485596707818932,0.7435897435897436,1.0,1,0
LP002705,1,1,0,0,0,0.36289918910801877,0.0,0.2078189300411523,0.7435897435897436,1.0,1,1
LP002706,1,1,1,1,0,0.5140654720192211,0.03431972544219646,0.31275720164609055,0.7435897435897436,0.0,1,1
LP002714,1,0,1,1,0,0.25317849634598055,0.031247750017999856,0.1748971193415638,0.7435897435897436,1.0,1,1
LP002716,1,0,0,1,0,0.6640304334768246,0.0,0.24897119341563786,0.7435897435897436,1.0,1,1
LP002717,1,1,0,0,0,0.08759635599159074,0.13199894400844794,0.42592592592592593,0.7435897435897436,1.0,0,1
LP002720,1,1,3,0,0,0.41355491040144154,0.0,0.18724279835390947,0.7435897435897436,1.0,2,1
LP002723,1,0,2,0,0,0.3441785964561017,0.0,0.2078189300411523,0.7435897435897436,0.0,0,0
LP002732,1,0,0,1,0,0.2402642907197918,0.049007607939136485,0.24074074074074078,0.7435897435897436,1.0,0,1
LP002734,1,1,0,0,0,0.5989588547402143,0.09374325005399957,0.6481481481481483,0.7435897435897436,1.0,2,1
LP002738,1,0,2,0,0,0.3470817899689658,0.0,0.20164609053497945,0.7435897435897436,1.0,1,1
LP002739,1,1,0,1,0,0.27700470517569326,0.01286389708882329,0.11728395061728397,0.7435897435897436,1.0,0,0
LP002740,1,1,3,0,0,0.6273901291420563,0.0,0.3045267489711934,0.358974358974359,1.0,0,1
LP002741,0,1,1,0,0,0.4462909200120132,0.06827945376436989,0.26954732510288065,0.358974358974359,1.0,1,1
LP002743,0,0,0,0,0,0.19901892081289418,0.0,0.1851851851851852,0.7435897435897436,0.0,1,0
LP002753,0,0,1,0,0,0.3505856442086295,0.0,0.1769547325102881,0.7435897435897436,1.0,1,1
LP002755,1,1,1,1,0,0.20913004304735208,0.060575515395876835,0.24485596707818932,0.7435897435897436,1.0,2,1
LP002757,0,1,0,1,0,0.2870157172890179,0.01591187270501836,0.19135802469135804,0.7435897435897436,1.0,1,1
LP002767,1,1,0,0,0,0.2620882971268395,0.04679962560299518,0.3004115226337449,0.7435897435897436,1.0,0,1
LP002768,1,0,0,1,0,0.32115326859545495,0.0,0.1460905349794239,0.05128205128205128,1.0,1,0
LP002772,1,0,0,0,0,0.23786164781259386,0.04279165766673867,0.27983539094650206,0.7435897435897436,1.0,0,1
LP002776,0,0,0,0,0,0.4855340874962459,0.0,0.1934156378600823,0.7435897435897436,0.0,1,0
LP002777,1,1,0,0,0,0.2637901691861047,0.048383612931096553,0.2078189300411523,0.7435897435897436,1.0,0,1
LP002778,1,1,2,0,1,0.6490139153068375,0.0,0.24485596707818932,0.7435897435897436,0.0,0,0
LP002784,1,1,1,1,0,0.23445790369406347,0.05699954400364797,0.24485596707818932,0.7435897435897436,1.0,0,1
LP002785,1,1,1,0,0,0.3186505155671238,0.07799937600499196,0.3065843621399177,0.7435897435897436,1.0,2,1
LP002788,1,1,0,1,0,0.2306537190910001,0.05599155206758346,0.35390946502057613,0.7435897435897436,0.0,2,0
LP002789,1,1,0,0,0,0.34467914706176794,0.10238318093455252,0.25308641975308643,0.358974358974359,0.0,0,0
LP002792,1,1,1,0,0,0.5323856241866053,0.02476780185758514,0.034979423868312765,0.7435897435897436,1.0,1,1
LP002794,0,0,0,0,0,0.2519771748923816,0.03899968800249598,0.154320987654321,0.7435897435897436,1.0,2,1
LP002795,1,1,3,0,1,1.0,0.0,0.5164609053497943,0.7435897435897436,1.0,1,1
LP002798,1,1,0,0,0,0.3741115226749424,0.06405548755609955,0.3148148148148148,0.7435897435897436,1.0,1,1
LP002804,0,1,0,0,0,0.4034437881669837,0.05534355725154199,0.3559670781893004,0.7435897435897436,1.0,1,1
LP002807,1,1,2,1,0,0.35288817699469416,0.0058079535363717094,0.20370370370370372,0.7435897435897436,1.0,1,1
LP002820,1,1,0,0,0,0.5779357293022325,0.04929560563515492,0.4156378600823045,0.7435897435897436,1.0,0,1
LP002821,1,0,0,1,1,0.5656221844028432,0.0,0.25308641975308643,0.7435897435897436,1.0,1,1
LP002832,1,1,2,0,0,0.8658524376814496,0.0,0.5123456790123457,0.7435897435897436,0.0,2,0
LP002833,1,1,0,1,0,0.4321753929322254,0.0,0.22839506172839508,0.7435897435897436,1.0,0,1
LP002836,1,0,0,0,0,0.3186505155671238,0.0,0.12551440329218108,0.7435897435897436,1.0,2,1
LP002837,1,1,3,0,0,0.32535789368305135,0.05999952000383997,0.23456790123456792,0.7435897435897436,0.0,0,0
LP002840,0,0,0,0,0,0.22304534988487337,0.0,0.0,0.7435897435897436,1.0,2,0
LP002841,1,1,0,0,0,0.3019321253378716,0.04953560371517028,0.1954732510288066,0.7435897435897436,0.0,2,0
LP002842,1,1,1,0,0,0.32705976574231654,0.04199966400268798,0.36419753086419754,0.7435897435897436,1.0,2,1
LP002847,1,1,0,0,0,0.49714686154770243,0.03482372141022872,0.32098765432098764,0.7435897435897436,0.0,2,0
LP002862,1,1,2,1,0,0.5981579737711483,0.03899968800249598,0.3662551440329218,1.0000000000000002,1.0,1,0
LP002863,1,1,3,0,0,0.6262889178095906,0.0,0.29012345679012347,0.7435897435897436,1.0,1,0
LP002868,1,1,2,0,0,0.30123135448993893,0.01106391148870809,0.20370370370370372,0.15384615384615388,1.0,2,1
LP002872,1,1,0,0,0,0.29402342576834517,0.053039575683394534,0.2613168724279835,0.7435897435897436,0.0,1,0
LP002874,1,0,0,0,0,0.3082390629692662,0.06573547411620707,0.2078189300411523,0.7435897435897436,1.0,2,1
LP002877,1,1,1,0,0,0.16337971768945841,0.05356757145942832,0.20164609053497945,0.7435897435897436,1.0,0,1
LP002888,1,0,0,0,0,0.30353388727600356,0.07000743994048048,0.31275720164609055,0.7435897435897436,1.0,2,1
LP002892,1,1,2,0,0,0.6397036740414456,0.0,0.40329218106995884,0.7435897435897436,1.0,1,1
LP002893,1,0,0,0,0,0.16878566423065372,0.8120815033479732,0.16666666666666669,0.7435897435897436,1.0,2,0
LP002894,0,1,0,0,0,0.3019321253378716,0.0,0.055555555555555566,0.7435897435897436,1.0,1,1
LP002898,1,1,1,0,0,0.17319050956051657,0.0,0.10699588477366256,0.7435897435897436,1.0,0,0
LP002911,1,1,1,0,0,0.26399038942837116,0.04600763193894449,0.28189300411522633,0.7435897435897436,0.0,0,0
LP002912,1,1,1,0,0,0.41375513064370806,0.07199942400460796,0.33539094650205764,0.15384615384615388,1.0,0,0
LP002916,1,1,0,0,0,0.2149364300730804,0.036527707778337776,0.1954732510288066,0.7435897435897436,1.0,2,1
LP002917,0,0,0,1,0,0.20172189408349184,0.0,0.12551440329218108,0.7435897435897436,1.0,1,1
LP002925,1,0,0,0,0,0.4605065572129342,0.0,0.1748971193415638,0.7435897435897436,1.0,1,1
LP002926,1,1,2,0,1,0.2578836720392432,0.0,0.19958847736625515,0.7435897435897436,0.0,1,0
LP002928,1,1,0,0,0,0.2853138452297527,0.08198334413324694,0.09670781893004116,0.358974358974359,1.0,1,1
LP002931,1,1,2,0,1,0.5856442086294925,0.0,0.40329218106995884,0.4871794871794872,1.0,1,0
LP002933,1,0,3,0,1,0.9217138852738012,0.0,0.5823045267489713,0.7435897435897436,1.0,1,1
LP002936,1,1,0,0,0,0.3713084392832115,0.07919936640506876,0.2736625514403292,0.358974358974359,1.0,0,1
LP002940,1,0,0,1,0,0.3687055761337471,0.0,0.2078189300411523,0.7435897435897436,1.0,0,1
LP002941,1,1,2,1,1,0.6239863850235259,0.023999808001535988,0.3662551440329218,0.7435897435897436,1.0,0,0
LP002943,1,0,0,0,0,0.2840124136550205,0.0,0.16255144032921812,0.7435897435897436,0.0,1,0
LP002945,1,1,0,0,1,0.9823806186805486,0.0,0.35185185185185186,0.7435897435897436,1.0,0,1
LP002948,1,1,2,0,0,0.5636199819801783,0.0,0.3765432098765432,0.7435897435897436,1.0,2,1
LP002949,0,0,3,0,0,0.026629292221443588,1.0,0.7016460905349795,0.358974358974359,1.0,2,0
LP002950,1,1,0,1,0,0.2747021723896286,0.06700746394028848,0.3004115226337449,0.7435897435897436,1.0,0,1
LP002953,1,1,3,0,0,0.5559115026529182,0.0,0.24485596707818932,0.7435897435897436,1.0,2,1
LP002958,1,0,0,0,0,0.35298828711582736,0.10322317421460628,0.33539094650205764,0.7435897435897436,1.0,0,1
LP002960,1,1,0,1,0,0.2252477725498048,0.09119927040583675,0.24485596707818932,0.358974358974359,1.0,2,0
LP002961,1,1,1,0,0,0.32535789368305135,0.05999952000383997,0.3374485596707819,0.7435897435897436,1.0,1,1
LP002964,1,1,2,1,0,0.3841225347882671,0.03386372909016728,0.3045267489711934,0.7435897435897436,1.0,0,1
LP002974,1,1,0,0,0,0.3085393933326659,0.04679962560299518,0.20370370370370372,0.7435897435897436,1.0,0,1
LP002978,0,0,0,0,0,0.27530283311642806,0.0,0.12757201646090535,0.7435897435897436,1.0,0,1
LP002979,1,1,3,0,0,0.3960356392031234,0.0,0.06378600823045269,0.358974358974359,1.0,0,1
LP002983,1,1,1,0,0,0.7930723796175794,0.005759953920368637,0.5020576131687243,0.7435897435897436,1.0,2,1
LP002984,1,1,2,0,0,0.7441185303834218,0.0,0.3662551440329218,0.7435897435897436,1.0,2,1
LP002990,0,0,0,0,1,0.443788166983682,0.0,0.2551440329218107,0.7435897435897436,0.0,1,0
LP002055,0,0,0,0,0,0.3019321253378716,0.07163942688458493,0.25308641975308643,0.7435897435897436,1.0,0,1
LP002067,1,1,1,0,1,0.8525377915707278,0.11959104327165383,0.7551440329218108,0.7435897435897436,0.0,0,0
LP002068,1,0,0,0,0,0.47722494744218635,0.0,0.24897119341563786,0.7435897435897436,0.0,0,1
LP002082,1,1,0,0,1,0.5674241665832416,0.05183958528331773,0.360082304526749,0.7435897435897436,1.0,1,1
LP002086,0,1,0,0,0,0.4187606367003704,0.058823529411764705,0.2078189300411523,0.7435897435897436,1.0,2,0
LP002087,0,0,0,0,0,0.23525878466312947,0.0,0.11934156378600824,0.7435897435897436,1.0,2,1
LP002097,1,0,1,0,0,0.423866252878166,0.04303165574675403,0.22222222222222224,0.7435897435897436,1.0,2,1
LP002098,1,0,0,0,0,0.27880668735609165,0.0,0.18312757201646093,0.7435897435897436,1.0,1,1
LP002100,1,0,0,0,0,0.2685954550005005,0.0,0.12757201646090535,0.7435897435897436,1.0,2,1
LP002103,1,1,1,0,1,0.9693663029332266,0.043991648066815464,0.3559670781893004,0.358974358974359,1.0,2,1
LP002106,1,1,0,0,1,0.5358894784262689,0.10775913792689659,0.12551440329218108,0.7435897435897436,1.0,1,1
LP002110,1,1,1,0,0,0.5105616177795576,0.016511867905056758,0.3106995884773663,0.7435897435897436,1.0,0,1
LP002112,1,1,2,0,1,0.23525878466312947,0.11039911680706554,0.3436213991769547,0.7435897435897436,1.0,0,1
LP002113,0,0,3,1,0,0.16818500350385424,0.0,0.24485596707818932,0.7435897435897436,0.0,2,0
LP002114,0,0,0,0,0,0.4014415857443187,0.0,0.12757201646090535,0.7435897435897436,1.0,1,1
LP002115,1,1,3,1,0,0.2499749724697167,0.03808769529843761,0.3374485596707819,0.7435897435897436,1.0,0,0
LP002116,0,0,0,0,0,0.22304534988487337,0.0,0.07613168724279837,0.7435897435897436,1.0,0,0
LP002119,1,1,1,1,0,0.4408849734708179,0.02949576403388773,0.3065843621399177,0.7435897435897436,1.0,2,1
LP002126,1,1,3,1,0,0.30263289618580436,0.0,0.1337448559670782,0.7435897435897436,1.0,1,1
LP002128,1,1,2,0,0,0.24356792471718894,0.055919552643578854,0.23868312757201646,0.7435897435897436,1.0,0,1
LP002129,1,1,0,0,0,0.2351586745419962,0.05899152806777546,0.3106995884773663,0.7435897435897436,1.0,1,1
LP002130,1,1,0,1,0,0.33767143858244064,0.07751937984496124,0.294238683127572,0.7435897435897436,0.0,0,0
LP002131,1,1,2,1,0,0.29362298528381214,0.052031583747330024,0.24074074074074078,0.7435897435897436,1.0,2,1
LP002137,1,1,0,0,0,0.6189808789668636,0.10999112007103944,0.5144032921810701,0.7435897435897436,1.0,1,1
LP002138,1,1,0,0,0,0.24777254980478527,0.14999880000959992,0.3662551440329218,0.7435897435897436,1.0,0,1
LP002139,1,1,0,0,0,0.8942837120832916,0.0,0.4506172839506173,0.7435897435897436,1.0,1,1
LP002140,1,0,0,0,0,0.8609470417459205,0.10000719994240047,0.6152263374485597,0.7435897435897436,1.0,0,0
LP002141,1,1,3,0,0,0.2518770647712483,0.049991600067199465,0.1769547325102881,0.7435897435897436,1.0,0,1
LP002142,0,1,0,0,1,0.5355891480628692,0.0,0.19753086419753088,0.7435897435897436,0.0,0,0
LP002143,0,1,0,0,0,0.22755030533586945,0.012119903040775674,0.24897119341563786,0.7435897435897436,1.0,1,1
LP002144,0,0,0,0,0,0.3667033737110822,0.0,0.22016460905349797,0.358974358974359,1.0,2,1
LP002149,1,1,2,0,0,0.8192011212333568,0.07600739194086448,0.32098765432098764,0.7435897435897436,1.0,0,1
LP002151,1,1,1,0,0,0.37291020122134344,0.0,0.11934156378600824,0.7435897435897436,1.0,2,0
LP002158,1,1,0,1,0,0.2853138452297527,0.03998368013055895,0.18724279835390947,1.0000000000000002,0.0,2,0
LP002160,1,1,3,0,0,0.5022524777254981,0.07600739194086448,0.39300411522633744,0.7435897435897436,1.0,1,1
LP002161,0,0,1,0,0,0.45780358394233656,0.0,0.14814814814814817,0.7435897435897436,1.0,1,0
LP002170,1,1,2,0,0,0.4855340874962459,0.08800729594163247,0.46707818930041156,0.7435897435897436,1.0,1,1
LP002175,1,1,0,0,0,0.4605065572129342,0.05599155206758346,0.24897119341563786,0.7435897435897436,1.0,2,1
LP002178,1,1,0,0,0,0.2866152768044849,0.07279141766865865,0.1769547325102881,0.6153846153846154,1.0,2,1
LP002180,1,0,0,0,1,0.6679347282010212,0.0,0.2716049382716049,0.7435897435897436,1.0,0,1
LP002181,1,0,0,1,0,0.6072679947942737,0.0,0.2551440329218107,0.7435897435897436,1.0,0,0
LP002187,1,0,0,0,0,0.23525878466312947,0.0,0.17901234567901236,1.0000000000000002,1.0,1,0
LP002188,1,0,0,0,0,0.4979477425167684,0.0,0.2366255144032922,0.7435897435897436,0.0,0,0
LP002190,1,1,1,0,0,0.6181799979977977,0.0,0.34156378600823045,0.7435897435897436,1.0,1,1
LP002197,1,1,2,0,0,0.5040544599058965,0.0,0.3004115226337449,0.7435897435897436,1.0,1,1
LP002201,1,1,2,0,1,0.9183101411552709,0.18895048839609282,0.763374485596708,0.6153846153846154,1.0,0,1
LP002205,1,0,1,0,0,0.291520672740014,0.04768761849905201,0.20987654320987656,0.358974358974359,0.0,2,0
LP002209,0,0,0,0,0,0.26168785664230654,0.03501571987424101,0.2078189300411523,0.7435897435897436,1.0,2,1
LP002211,1,1,0,0,0,0.46721393532886174,0.02215182278541772,0.22839506172839508,0.358974358974359,1.0,2,1
LP002219,1,1,3,0,0,0.8609470417459205,0.11990304077567379,0.24897119341563786,0.7435897435897436,1.0,0,1
LP002223,1,1,0,0,0,0.4164581039143057,0.0,0.24897119341563786,0.7435897435897436,1.0,1,1
LP002224,1,0,0,0,0,0.2922214435879467,0.0,0.12757201646090535,1.0000000000000002,1.0,2,0
LP002225,1,1,2,0,0,0.5246771448593454,0.0,0.24897119341563786,0.7435897435897436,1.0,2,1
LP002226,1,1,0,0,0,0.3186505155671238,0.05999952000383997,0.24485596707818932,0.7435897435897436,1.0,1,1
LP002239,1,0,0,1,0,0.21984182600860946,0.03839969280245758,0.25308641975308643,0.7435897435897436,1.0,1,1
LP002243,1,1,0,1,0,0.2863149464410852,0.07526339789281686,0.24485596707818932,0.7435897435897436,0.0,2,0
LP002244,1,1,0,0,0,0.21854039443387727,0.05800753593971248,0.2613168724279835,0.7435897435897436,1.0,2,1
LP002250,1,1,0,0,0,0.5343878266092702,0.0,0.23868312757201646,0.7435897435897436,1.0,0,1
LP002255,1,0,3,0,0,0.9026929622584844,0.0,0.36213991769547327,0.7435897435897436,1.0,0,1
LP002262,1,1,3,0,0,0.9364300730803885,0.0,0.5473251028806585,0.7435897435897436,1.0,0,1
LP002263,1,1,0,0,0,0.24356792471718894,0.050759593923248615,0.22839506172839508,0.7435897435897436,1.0,2,1
LP002265,1,1,2,1,0,0.18450295324857344,0.03899968800249598,0.21399176954732513,0.358974358974359,1.0,1,1
LP002266,1,1,2,0,0,0.29532485734307734,0.03359973120215038,0.21399176954732513,0.7435897435897436,1.0,2,1
LP002272,1,1,2,0,0,0.31294423866252874,0.011615907072743419,0.25925925925925924,0.7435897435897436,1.0,1,1
LP002277,0,0,0,0,0,0.3033336670337371,0.0,0.12757201646090535,0.7435897435897436,0.0,2,0
LP002281,1,1,0,0,0,0.28861747922714986,0.03501571987424101,0.1769547325102881,0.7435897435897436,1.0,2,1
LP002284,1,0,0,1,0,0.3756131744919411,0.03998368013055895,0.205761316872428,0.7435897435897436,1.0,0,1
LP002287,0,0,0,0,0,0.1351486635298829,0.04319965440276478,0.1934156378600823,0.7435897435897436,0.0,1,0
LP002288,1,1,2,1,0,0.27420162178396235,0.0,0.07407407407407408,0.358974358974359,0.0,2,0
LP002296,1,0,0,1,0,0.2607868655521073,0.0,0.11522633744855967,0.6153846153846154,1.0,0,0
LP002424,1,1,0,0,0,0.7190910001001102,0.19999040007679939,0.34156378600823045,0.6153846153846154,1.0,0,1
LP002429,1,1,1,0,1,0.3319651616778456,0.029039767681858546,0.24897119341563786,0.7435897435897436,1.0,0,1
LP002434,1,1,2,1,0,0.45069576534187605,0.0,0.2078189300411523,0.7435897435897436,1.0,0,1
LP002435,1,1,0,0,0,0.3392732005205726,0.033023735810113516,0.09465020576131689,0.7435897435897436,1.0,0,0
LP002443,1,1,2,0,0,0.31935128641505656,0.04103967168262654,0.29012345679012347,0.7435897435897436,0.0,0,0
LP002444,1,0,1,1,1,0.26218840724797277,0.03700770393836849,0.3724279835390947,0.7435897435897436,1.0,1,0
LP002446,1,1,2,1,0,0.21613775152667936,0.030119759041927666,0.23868312757201646,0.7435897435897436,0.0,0,0
LP002447,1,1,2,1,0,0.18099909900890981,0.0349437204502364,0.10493827160493828,0.6153846153846154,1.0,2,1
LP002448,1,1,0,0,0,0.38021824006407046,0.041591667266661865,0.2880658436213992,0.7435897435897436,0.0,0,0
LP002449,1,1,0,0,0,0.23355691260386427,0.059183526531787746,0.16666666666666669,0.358974358974359,0.0,0,1
LP002453,1,0,0,0,1,0.694263690059065,0.0,0.154320987654321,0.7435897435897436,1.0,1,1
LP002455,1,1,2,0,0,0.3713084392832115,0.0,0.17901234567901236,0.7435897435897436,1.0,1,1
LP002459,1,1,0,0,0,0.4155571128241065,0.0,0.22427983539094654,0.7435897435897436,1.0,2,1
LP002467,1,1,0,0,0,0.3561918109920913,0.06165550675594595,0.3374485596707819,0.7435897435897436,1.0,2,0
LP002472,1,0,2,0,0,0.42086294924416856,0.0,0.2613168724279835,0.7435897435897436,1.0,0,1
LP002473,1,1,0,0,0,0.81930123135449,0.0,0.3106995884773663,0.7435897435897436,1.0,1,0
LP002478,1,1,0,0,1,0.19351286415056562,0.09799121607027143,0.3106995884773663,0.7435897435897436,1.0,1,1
LP002484,1,1,3,0,0,0.7598358194013415,0.0,0.24485596707818932,0.358974358974359,1.0,2,0
LP002487,1,1,0,0,0,0.2868154970467514,0.052511579907360745,0.2962962962962963,0.7435897435897436,1.0,0,1
LP002489,0,0,1,1,0,0.504655120632696,0.0,0.25308641975308643,0.7435897435897436,1.0,1,1
LP002493,1,0,0,0,0,0.4020422464711182,0.0,0.18312757201646093,0.7435897435897436,0.0,1,0
LP002494,1,0,0,0,0,0.5856442086294925,0.0,0.26954732510288065,0.7435897435897436,1.0,0,1
LP002500,1,1,3,1,0,0.2800080088096906,0.039935680514555885,0.12551440329218108,0.358974358974359,0.0,2,0
LP002502,0,1,2,1,0,0.006006607267994794,0.07000743994048048,0.18312757201646093,0.7435897435897436,1.0,1,1
LP002505,1,1,0,0,0,0.4187606367003704,0.058823529411764705,0.2078189300411523,0.7435897435897436,1.0,2,0
LP002515,1,1,1,0,1,0.3303633997397137,0.049895600835193316,0.3148148148148148,0.7435897435897436,1.0,1,1
LP002517,1,1,1,1,0,0.25057563319651616,0.03599971200230398,0.21399176954732513,0.358974358974359,0.0,0,0
LP002519,1,1,3,0,0,0.4546000600660727,0.0,0.18724279835390947,0.7435897435897436,1.0,1,1
LP002522,0,0,0,0,1,0.23525878466312947,0.0,0.17283950617283952,0.7435897435897436,1.0,2,1
LP002524,1,0,2,0,0,0.538792671939133,0.11155110759113927,0.3148148148148148,0.7435897435897436,1.0,0,1
LP002529,1,1,2,0,0,0.6557212934227651,0.04199966400268798,0.4547325102880659,0.6153846153846154,1.0,1,1
LP002530,1,1,2,0,0,0.2725998598458304,0.04492764057887537,0.25308641975308643,0.7435897435897436,0.0,1,0
LP002533,1,1,2,0,0,0.2800080088096906,0.03847169222646219,0.24485596707818932,0.7435897435897436,1.0,2,0
LP002534,0,0,0,1,0,0.4204625087596356,0.0,0.29835390946502055,0.7435897435897436,1.0,0,1
LP002585,1,1,0,0,0,0.3450795875463009,0.051767585859313126,0.2263374485596708,0.7435897435897436,0.0,0,0
LP002586,0,1,1,0,0,0.3179497447191911,0.021911824705402358,0.19753086419753088,0.15384615384615388,1.0,1,1
LP002587,1,1,0,1,0,0.24526979677645408,0.04079967360261118,0.20164609053497945,0.7435897435897436,1.0,0,1
LP002588,1,1,0,0,0,0.4479927920712784,0.06856745146038831,0.20987654320987656,0.0,1.0,2,1
LP002600,1,1,1,0,1,0.27480228251076183,0.0,0.1769547325102881,0.7435897435897436,1.0,1,1
LP002602,1,0,0,0,0,0.6139753729102012,0.10598315213478292,0.411522633744856,0.7435897435897436,0.0,0,0
LP002603,0,0,0,0,0,0.04955450996095705,0.08839129286965704,0.21399176954732513,1.0000000000000002,1.0,0,1
LP002606,0,0,0,0,0,0.30123135448993893,0.0,0.18724279835390947,0.7435897435897436,1.0,1,1
LP002615,1,1,2,0,0,0.47201922114325756,0.13499892000863994,0.4094650205761317,0.7435897435897436,1.0,1,1
LP002618,1,1,1,1,0,0.3904294724196616,0.1272469820241438,0.2654320987654321,0.7435897435897436,1.0,0,0
LP002619,1,1,0,1,0,0.3668034838322154,0.03561571507427941,0.2366255144032922,0.6153846153846154,1.0,1,1
LP002622,1,1,2,0,0,0.33637000700770847,0.10593515251877986,0.48148148148148145,0.7435897435897436,1.0,0,1
